,danceability,energy,key,loudness,mode,speechiness,acousticness,instrumentalness,liveness,valence,tempo,id,duration_ms,time_signature,popularity,explicit
0,0.578,0.45299999999999996,2,-12.609000000000002,1,0.0515,0.536,0.147,0.0927,0.248,92.052,4Cj3isXiH0u9igd6dKfStb,176173,4,32,False
1,0.545,0.485,8,-9.941,1,0.151,0.3,0.00137,0.11900000000000001,0.341,80.40100000000001,2uhEKg8kIzpdvz4gyy6x8W,249173,4,72,False
2,0.598,0.295,1,-8.552999999999999,1,0.0276,0.735,0.0,0.107,0.314,87.025,00cBcYOlnHoXX9ver3cmdE,225680,4,70,False
3,0.517,0.156,9,-10.822000000000001,1,0.0315,0.879,2.01e-06,0.111,0.27,134.74,7oBquJ552fIdR2wVknQH1e,158671,4,44,False
4,0.22399999999999998,0.182,2,-20.457,1,0.0368,0.9179999999999999,0.642,0.114,0.213,75.355,6VmKRiq18SDfzCfV2nXOSs,204564,3,46,False
5,0.86,0.336,11,-9.112,0,0.0647,0.504,0.0,0.0875,0.674,93.815,67LVked2xWltlu5POH71gk,125695,4,56,True
6,0.72,0.408,2,-11.725,1,0.0498,0.8320000000000001,2.61e-06,0.0992,0.341,121.97200000000001,55vsJO4tLZQ37qzD5QUOmh,227613,4,69,False
7,0.521,0.493,0,-10.264000000000001,0,0.0302,0.8140000000000001,0.0207,0.107,0.495,171.952,1ztB2LwqXxn0IH2jMrKvDw,154230,4,55,False
8,0.322,0.127,7,-14.197000000000001,1,0.0352,0.894,5.99e-05,0.14300000000000002,0.11900000000000001,144.2,5OtvDpNhxUde1hkAjvzSzE,265652,4,67,False
9,0.698,0.36700000000000005,2,-5.811,1,0.0329,0.649,0.0,0.11900000000000001,0.24600000000000002,104.853,6TbkMxKZudkP6Sty7rkLU9,204309,3,62,False
10,0.763,0.547,2,-8.017000000000001,1,0.0601,0.275,1.79e-06,0.10800000000000001,0.634,97.00299999999999,2nelvMgL7LyIUAYwmmRyy1,193716,4,63,False
11,0.363,0.12,7,-11.662,1,0.0358,0.899,2.34e-05,0.162,0.17600000000000002,71.024,0FrHyYxj92dg4qIu8BO30l,253597,4,62,False
12,0.465,0.46799999999999997,7,-7.7989999999999995,1,0.134,0.262,0.0,0.0639,0.373,83.366,50wetCP0Nsx5sIaFHCYlCe,142773,4,58,False
13,0.537,0.342,11,-8.594,1,0.0717,0.711,0.0,0.0788,0.536,73.47800000000001,3atDBUHTgS6ogyeIfCfRMt,194837,4,57,False
14,0.7040000000000001,0.295,6,-11.083,1,0.0387,0.716,1.56e-05,0.133,0.42700000000000005,130.011,3wD5R5grD04FKW0zsBuiKy,211677,4,50,False
15,0.639,0.442,6,-9.025,1,0.0501,0.6940000000000001,0.0,0.0883,0.278,80.029,3uHWdehoLyQZJECjiTI4a6,184985,4,61,False
16,0.7390000000000001,0.511,9,-7.843999999999999,1,0.0362,0.16699999999999998,1.34e-06,0.133,0.542,96.038,2nGFzvICaeEWjIrBrL2RAx,215360,4,78,False
17,0.778,0.462,0,-12.729000000000001,1,0.0359,0.46299999999999997,0.583,0.11,0.8170000000000001,105.45,3KKUf8F2hktFscLgbH4YwR,161537,4,73,False
18,0.512,0.5429999999999999,1,-8.425,0,0.249,0.34,0.0217,0.154,0.606,99.946,1KCmgPaCWSWlofC5QKovYq,205027,4,14,False
19,0.82,0.26,9,-14.472999999999999,1,0.0759,0.757,0.0,0.14400000000000002,0.6409999999999999,114.943,2PR4jVXzyjCky2PkONvipq,188442,4,65,False
20,0.602,0.684,9,-5.277,0,0.0283,0.00731,2.46e-05,0.109,0.485,113.03399999999999,4cMXF5AmiAoUL8JW0j2l9M,178626,4,59,False
21,0.478,0.049,4,-17.037,1,0.0617,0.93,0.0,0.0686,0.359,199.821,2zRLogAqKnlcMRyOExw3LF,239700,3,56,False
22,0.645,0.255,11,-10.581,1,0.0545,0.589,0.0,0.174,0.406,94.973,094OGVJzllUzmdLvA31GqU,153446,4,52,False
23,0.557,0.18,5,-15.417,1,0.0356,0.909,2.3199999999999998e-05,0.498,0.456,85.963,1COWb4m8g8jY7fi3wXzo5b,181373,4,55,False
24,0.718,0.693,1,-5.375,0,0.0252,0.07,0.0,0.132,0.691,88.02600000000001,0jh5NRR4gX9tsFMLFDhEmX,165430,4,73,False
25,0.762,0.498,8,-5.294,1,0.0481,0.161,9.55e-06,0.172,0.871,107.04899999999999,68AkRyS65QIHiYwDZoVn5p,201787,4,34,False
26,0.45899999999999996,0.308,0,-6.122000000000001,1,0.0314,0.7559999999999999,0.0,0.121,0.38,86.225,3MCscTVaXHO66kAIml2Dce,187893,4,48,False
27,0.504,0.397,10,-11.659,1,0.131,0.804,5.34e-06,0.12,0.265,110.39200000000001,7zlckzgewNsSzwIwfmCeqG,215240,4,52,False
28,0.696,0.565,5,-7.237,0,0.0605,0.652,2.02e-06,0.121,0.599,156.11,2U12JbtnFSYa5Av5wEcEDX,187728,4,37,False
29,0.5479999999999999,0.654,4,-4.599,1,0.0313,0.113,0.0,0.24100000000000002,0.317,85.023,0BCUve4b3KySD9Sk8CMZ2i,200824,4,61,False
30,0.6409999999999999,0.376,7,-7.478,1,0.11699999999999999,0.9129999999999999,0.0,0.107,0.165,143.958,1tUdd0dSQ5ij2XiqlWhlHX,193266,4,65,False
31,0.757,0.462,2,-9.926,1,0.0899,0.0287,0.00145,0.10400000000000001,0.193,90.01299999999999,5rdhDMfiwWNnrEQpjUVpDu,173196,4,66,False
32,0.636,0.243,2,-9.509,1,0.04,0.815,0.0,0.111,0.239,142.016,1Ia95g66IhlAJ3qVI4qI8W,163547,4,67,False
33,0.701,0.396,4,-10.182,0,0.11900000000000001,0.11199999999999999,0.0209,0.223,0.115,129.004,1ToprX3cpBiXoAe5eNSk74,206361,4,73,False
34,0.7240000000000001,0.415,7,-8.408,0,0.0518,0.764,2.51e-06,0.10300000000000001,0.32799999999999996,89.999,2C0hTkdEoikhKzDCJl32QZ,186459,4,63,False
35,0.807,0.36200000000000004,9,-8.531,1,0.0677,0.7709999999999999,0.0,0.109,0.39299999999999996,81.943,3jsZnIOR0xnPg9XB8Ah7RQ,172124,4,57,False
36,0.57,0.44299999999999995,7,-8.538,0,0.14300000000000002,0.23399999999999999,0.0,0.318,0.33899999999999997,170.305,1mG1j46gno24IoYHangJFp,176949,4,44,False
37,0.21100000000000002,0.49200000000000005,2,-9.091000000000001,1,0.031,0.069,0.0,0.115,0.0731,83.086,0TK1Kui4cCaHR0avKjKXzC,205877,4,55,False
38,0.491,0.31,3,-16.497,1,0.0307,0.617,0.506,0.10800000000000001,0.292,75.044,5ACfk4NnDfQjcJ9fl3baZD,219807,3,52,False
39,0.622,0.22899999999999998,2,-12.109000000000002,1,0.0648,0.877,7.66e-06,0.069,0.293,119.889,1j1eVY0fZLQH5W0UMNz5hd,199647,4,52,False
40,0.409,0.446,2,-4.836,1,0.0317,0.65,0.0,0.0862,0.135,75.638,1NxHgM5nOnmqi3KUVLbaIw,210213,4,68,False
41,0.294,0.0536,8,-18.759,1,0.0346,0.978,0.000226,0.105,0.24,71.155,1Q9QB2I96Yj5gO3oNgfh8q,156414,4,50,False
42,0.257,0.379,8,-6.876,1,0.0304,0.812,8.46e-05,0.107,0.5329999999999999,188.355,5fxJc8fxbbM5ZiqaL6Ob6y,190933,4,3,False
43,0.507,0.455,8,-6.492000000000001,1,0.0279,0.35600000000000004,0.0,0.0889,0.33299999999999996,137.87,1PZG9IBZMCY6HdK2v8kSYo,235393,4,22,False
44,0.615,0.332,7,-10.161,1,0.0295,0.639,0.0,0.15,0.515,125.89399999999999,3hAQVgA6Vn9gB8aq70Dm9h,183173,4,31,False
45,0.618,0.37,10,-10.5,1,0.0543,0.883,0.0,0.12300000000000001,0.433,114.26,0Uon5NsSAkBDx69XYOaQ5P,177153,4,66,False
46,0.5479999999999999,0.715,0,-6.797999999999999,1,0.0511,0.14300000000000002,2.21e-06,0.218,0.39299999999999996,159.924,3zjw3EZfvgjuR4AQhVlNq7,176975,4,64,False
47,0.512,0.45299999999999996,2,-8.991,1,0.0291,0.7709999999999999,0.0914,0.065,0.23600000000000002,124.05,6WMf0Om41Z6HlMzXFuZ4F0,258533,4,62,False
48,0.65,0.46299999999999997,0,-8.092,1,0.14400000000000002,0.6759999999999999,0.0,0.16399999999999998,0.433,82.979,6Lx8iWqYzIT5hnuriaGCY9,211515,4,57,False
49,0.623,0.525,0,-8.084,1,0.136,0.344,1.77e-05,0.0971,0.516,191.817,7gxW8RQnNQHAFi6aBVMCBL,201087,4,61,False
50,0.5760000000000001,0.45299999999999996,3,-4.4,1,0.0294,0.8140000000000001,0.0,0.267,0.418,107.89,114xcQz8sZ6fxRBTZmgmNE,195452,4,68,False
51,0.46399999999999997,0.473,1,-10.086,1,0.129,0.866,0.0,0.109,0.604,75.801,2kJwzbxV2ppxnQoYw4GLBZ,208687,4,87,False
52,0.78,0.261,2,-9.626,1,0.0488,0.332,0.0,0.23800000000000002,0.639,92.105,78rFhTXf81WtRS7Ubl2f4V,148987,4,3,False
53,0.435,0.336,7,-11.046,1,0.0454,0.773,0.0,0.129,0.375,104.06700000000001,6IKoE1DlvzdGfzUS9QQaVP,194422,1,61,False
54,0.644,0.442,9,-9.415,1,0.0306,0.6779999999999999,0.0235,0.099,0.583,144.029,1aT20eW3nb0jGad5IJ6Wah,189600,4,49,False
55,0.633,0.242,3,-8.523,0,0.0761,0.515,0.0,0.0839,0.6940000000000001,98.219,0Wc6cbF38a90b8wov9V63F,160791,4,67,False
56,0.775,0.626,11,-7.437,1,0.0695,0.718,1.37e-06,0.267,0.642,123.991,5tYqK9de9RC6PMKDaJvr4Q,155323,4,1,False
57,0.375,0.282,4,-11.761,1,0.0409,0.897,0.00168,0.0952,0.295,77.656,5y2TuOFgwlpztHlqENHQOE,219300,4,68,False
58,0.5870000000000001,0.45299999999999996,6,-7.494,1,0.0282,0.534,0.11199999999999999,0.156,0.253,89.99700000000001,0c0ZcsOesYMcOc6sAEOrY9,177231,4,56,False
59,0.72,0.6579999999999999,2,-7.414,1,0.0446,0.0329,0.0302,0.12300000000000001,0.134,98.001,75ylrnob5O80WTKi9ugZ1Z,171898,4,68,False
60,0.419,0.113,2,-15.591,1,0.0458,0.943,0.000654,0.139,0.534,160.121,0bUm2G8Iz9oWd6NvGyNWOz,288731,3,55,False
61,0.6859999999999999,0.299,7,-11.047,0,0.032,0.878,0.561,0.10099999999999999,0.627,149.143,33ry67NZycIR011igWIFD3,192573,4,55,False
62,0.529,0.0508,11,-17.296,1,0.0343,0.96,2.11e-05,0.113,0.0787,118.25,6tYjeVpoBagQoXWIcEaAzP,252347,4,0,False
63,0.146,0.0237,7,-33.330999999999996,1,0.0375,0.9940000000000001,0.971,0.0903,0.27899999999999997,78.006,6lz4vzv0JlD73qeKW5qsUT,140999,4,48,False
64,0.6679999999999999,0.46299999999999997,4,-8.6,1,0.069,0.626,2.37e-05,0.113,0.368,120.071,22RSxuePk8ZGWbjLFqXlwC,216907,4,0,False
65,0.627,0.213,10,-12.634,1,0.0349,0.877,0.0,0.204,0.18,92.054,3hOWsTM9OpI6c72iQHP4EB,199463,4,61,False
66,0.612,0.249,7,-8.068999999999999,1,0.0301,0.885,0.0,0.16,0.11199999999999999,111.941,1z49ktSkJvCSUlVmTs9rpZ,198547,4,43,False
67,0.669,0.494,0,-5.691,0,0.0439,0.74,3.75e-05,0.0876,0.546,79.035,5o8MOv8SklXbuG1SBoVTW1,151680,4,0,False
68,0.608,0.728,11,-6.612,1,0.0393,0.33899999999999997,4.6200000000000005e-05,0.0741,0.24600000000000002,89.994,29j2Y1N3vpyvm385G4TFSS,219333,4,56,False
69,0.395,0.33799999999999997,1,-9.689,1,0.0548,0.547,0.0,0.0959,0.11900000000000001,147.125,1voEP0IYk4K1ei5KHAMObl,245554,4,54,False
70,0.322,0.126,9,-19.062,1,0.0327,0.9590000000000001,0.0102,0.0946,0.191,82.801,1r0bORzz4Ooi8EpFGC6rxe,276499,3,49,False
71,0.635,0.0504,5,-13.546,1,0.0377,0.96,7.15e-06,0.111,0.177,110.59200000000001,5ba5cqzloITZd3eqk5qHps,226000,4,49,False
72,0.584,0.285,1,-7.912000000000001,0,0.0315,0.616,0.0,0.10099999999999999,0.517,81.85600000000001,2ZgUlizmH0VmOJzUwDchAf,205590,4,63,False
73,0.359,0.5429999999999999,7,-7.582000000000001,1,0.0915,0.49200000000000005,1.57e-05,0.11800000000000001,0.45299999999999996,68.50399999999999,0bzbvANY6oETSJLc0wlVGY,221307,4,4,False
74,0.669,0.5429999999999999,2,-6.303,1,0.0346,0.49,3.26e-05,0.113,0.392,121.022,5w3gBMZcPO4thck2h4Sjkt,192493,4,46,False
75,0.37,0.40399999999999997,0,-10.362,1,0.0438,0.8009999999999999,0.019,0.679,0.162,125.271,10HyIp1uCZbLvS4ImdgHg7,262267,4,2,False
76,0.637,0.647,0,-10.583,1,0.0421,0.703,0.179,0.0912,0.33299999999999996,149.936,3pil7DXQmpnQcImkoF4wz1,237493,4,58,False
77,0.254,0.139,9,-14.747,1,0.0347,0.9009999999999999,0.006679999999999999,0.0934,0.182,87.205,3kkiqXawFe5d03RByIMBUX,246500,4,48,False
78,0.73,0.843,6,-3.3139999999999996,1,0.0528,0.18600000000000003,0.0,0.37200000000000005,0.6579999999999999,92.027,0CxVnKu6PG6tYTGVtSD8UU,200680,4,54,False
79,0.563,0.449,2,-10.581,1,0.28,0.45799999999999996,0.00118,0.405,0.455,92.774,13AbdNoAmQuWezfQCqWfha,166756,4,36,False
80,0.6459999999999999,0.747,2,-3.452,1,0.048,0.5770000000000001,0.0021899999999999997,0.12,0.6679999999999999,144.988,6OowiqIzUaMErs7eKAL9o8,205120,4,48,False
81,0.613,0.36,8,-12.49,1,0.062,0.892,0.293,0.381,0.445,77.983,4YwGqn5HGXVAOEPauLc9MJ,184453,4,20,False
82,0.382,0.33,9,-6.182,1,0.0435,0.9259999999999999,0.0005780000000000001,0.0744,0.3,181.455,3gwfEBrFpzEFCZMjw7mqxA,230013,3,63,False
83,0.451,0.436,11,-7.115,1,0.0394,0.46799999999999997,0.0,0.0944,0.295,155.961,3RGvoMBGhoY43FudUpVvqo,187588,3,59,False
84,0.588,0.366,11,-10.097999999999999,0,0.0375,0.85,0.000103,0.0979,0.306,75.919,0UfGAg69CZxmI507pbzzW1,221082,1,9,False
85,0.6409999999999999,0.301,7,-9.252,1,0.0396,0.687,0.0,0.0998,0.307,145.87,2FW8zqglrcLTWKKnmDUoi0,156164,4,57,False
86,0.596,0.217,9,-11.264000000000001,0,0.0858,0.872,0.0,0.0775,0.32899999999999996,96.725,1LbQs9rh40ILgZxDIzcJL1,181727,4,57,False
87,0.647,0.36700000000000005,0,-8.674,1,0.0304,0.391,0.0,0.302,0.452,152.93200000000002,0jGgbRoqVRX5QXTTDhdwCl,153726,4,0,False
88,0.509,0.183,10,-10.27,1,0.0377,0.946,0.0,0.0914,0.258,117.354,6H7fWtwEUHVfTyZD7zeG4w,232837,3,71,False
89,0.669,0.47,0,-7.577000000000001,1,0.0318,0.797,0.0,0.122,0.439,130.00799999999998,3WfUdu2yifjDHhaQZxvjSC,189808,1,0,False
90,0.6679999999999999,0.609,5,-6.851,1,0.0417,0.716,0.0,0.109,0.84,100.072,1c4dSupkZuIpr6YiEHZss4,166387,4,50,True
91,0.685,0.46399999999999997,7,-9.931000000000001,1,0.0579,0.138,3.97e-05,0.111,0.0559,90.01100000000001,2jm0S3dMxpAz5H59z4lOJH,185713,4,60,False
92,0.409,0.384,8,-8.062999999999999,1,0.0485,0.8690000000000001,9.109999999999999e-05,0.23,0.506,90.98100000000001,2GtSvnYFfj7vvpo9B0FqlI,159347,3,50,False
93,0.627,0.46,1,-7.396,1,0.0742,0.28300000000000003,0.0,0.141,0.6629999999999999,87.76700000000001,0vrAc1h9XLIy5Fw4x9hD6n,190999,4,61,False
94,0.377,0.17600000000000002,9,-12.974,1,0.0302,0.9690000000000001,0.008190000000000001,0.183,0.17600000000000002,167.855,0c9Vl4iBLhsmzttG0X4XhY,183571,4,57,False
95,0.687,0.172,1,-11.642999999999999,1,0.0428,0.7859999999999999,0.0,0.0985,0.435,131.946,2vnocfBFbXPm4g9gsqquXf,176005,4,54,False
96,0.35600000000000004,0.621,2,-5.0489999999999995,1,0.040999999999999995,0.17800000000000002,0.0,0.0923,0.366,159.308,2Vp7ZK5wP51LYayV14ichq,188908,3,58,False
97,0.8140000000000001,0.435,7,-8.422,1,0.0684,0.8140000000000001,1.62e-06,0.105,0.41600000000000004,98.04899999999999,2MOsa4NltIx6KhJPaDhWAl,187253,4,54,False
98,0.6729999999999999,0.156,5,-22.521,0,0.0476,0.696,0.251,0.099,0.361,95.286,2vKupPlhSiBaIysnqX5shW,245221,4,45,False
99,0.37200000000000005,0.569,9,-10.92,0,0.0324,0.521,0.00128,0.0764,0.449,89.915,1JJ3Wpkx2igFJEcBMq2gCS,503133,3,44,False
100,0.5,0.21,8,-15.765999999999998,0,0.0304,0.9209999999999999,0.84,0.0922,0.12,108.178,3djYspll15Mm2azjKSV55Y,322693,4,15,False
101,0.483,0.488,0,-11.62,1,0.0276,0.87,0.0782,0.142,0.5770000000000001,130.931,0jqMv6eLhPbsFbKlHsV9hv,246633,4,45,False
102,0.43200000000000005,0.345,1,-18.05,1,0.0367,0.563,0.128,0.125,0.247,132.969,2Encv0ig5W29JZ30hQgn6o,652440,4,45,False
103,0.514,0.228,1,-17.417,1,0.0378,0.86,0.612,0.115,0.218,123.969,2mRVnRNedKeSnDeI7crXrK,323448,3,44,False
104,0.445,0.14400000000000002,1,-17.051,1,0.0367,0.929,0.664,0.16399999999999998,0.20600000000000002,138.898,0XXHKJqxoDfr5dzmqFlTVO,304293,5,0,False
105,0.6629999999999999,0.287,7,-18.203,1,0.0434,0.773,0.7909999999999999,0.0848,0.547,81.253,6zr0ynyIM2RRaoTMOmj9h9,228747,4,48,False
106,0.504,0.484,7,-9.07,0,0.036000000000000004,0.621,0.7490000000000001,0.17600000000000002,0.327,126.90700000000001,733Qlazejy9lhIcyTBwnjT,393440,4,42,False
107,0.698,0.214,7,-15.785,1,0.0378,0.8029999999999999,0.893,0.11199999999999999,0.172,121.76899999999999,6vZ8PZZy7ljlQEgCPSZTAM,282387,4,46,False
108,0.418,0.0872,7,-24.546999999999997,1,0.0354,0.92,0.898,0.10800000000000001,0.14,148.264,11qeOjSAx3TDr4IOPXq9Js,305565,3,52,False
109,0.591,0.387,0,-10.407,0,0.034,0.5479999999999999,0.184,0.19699999999999998,0.431,123.024,6FPEC5iUtgi0GzYhRnE1FU,304331,4,42,False
110,0.462,0.19,5,-12.52,0,0.0369,0.945,0.8320000000000001,0.122,0.354,69.725,74DrMrLFqJEqyOx6ucc0vT,506320,4,47,False
111,0.581,0.163,0,-16.612000000000002,0,0.0547,0.9259999999999999,0.861,0.11599999999999999,0.44799999999999995,88.101,3hY3MPL9hAITPgVfiVlL5K,347773,4,51,False
112,0.515,0.184,0,-16.969,1,0.0426,0.858,0.18,0.12,0.218,122.744,6qTF7EjSSecc1rip7xckgN,381051,3,52,False
113,0.446,0.45399999999999996,7,-9.337,1,0.0431,0.7490000000000001,0.0416,0.7170000000000001,0.19,125.29700000000001,5KtdndjjwcRPMO6kl129TG,485505,3,39,False
114,0.536,0.33899999999999997,0,-16.374000000000002,1,0.031,0.8440000000000001,0.6659999999999999,0.0893,0.408,114.853,2VaRUwAU7Ik3r5KoHVjS23,320540,4,24,False
115,0.49700000000000005,0.431,11,-10.392000000000001,1,0.0348,0.818,0.38,0.102,0.40299999999999997,146.47799999999998,6UHNNAMBinTF3Eo7uzrU5b,259387,4,37,False
116,0.42200000000000004,0.302,10,-18.278,0,0.0402,0.703,0.845,0.125,0.35200000000000004,95.30799999999999,2kXJ6su5YWx1a3YQilPxmF,433267,4,41,False
117,0.409,0.32799999999999996,0,-16.267,0,0.0328,0.9690000000000001,0.94,0.0968,0.223,117.556,6Pz1RgeZG6tmlu0X00KHhZ,314133,3,36,False
118,0.61,0.15,9,-20.559,0,0.0352,0.852,0.8590000000000001,0.106,0.205,104.815,1vd6bplZvB2edAjNd9bR7l,401493,4,50,False
119,0.531,0.369,6,-9.425,1,0.0263,0.76,8.39e-05,0.22899999999999998,0.574,82.45100000000001,4TRyfSh9IzlprJbTlMrWxl,73794,4,41,False
120,0.49,0.114,7,-12.565999999999999,0,0.0359,0.934,0.262,0.124,0.15,97.15799999999999,3ZnPVp4Frub6UadiiiGDD9,476992,4,51,False
121,0.382,0.158,10,-12.962,1,0.0466,0.986,0.823,0.127,0.314,46.95,1gl8PiCrspI8S4psbqjDgy,424243,4,37,False
122,0.578,0.159,0,-16.56,1,0.0338,0.895,0.9740000000000001,0.0923,0.601,116.199,6abl6iqjPN4SGjD74AUnPy,198265,4,50,False
123,0.48700000000000004,0.259,2,-12.390999999999998,0,0.0386,0.897,0.778,0.0957,0.10800000000000001,111.21799999999999,4gCaFMkA1CERmgy1ny9fhy,440513,4,51,False
124,0.431,0.188,1,-19.222,1,0.0387,0.7979999999999999,0.775,0.0974,0.419,120.854,5IVCNqztB1lm7sTqXn3ww7,421517,3,22,False
125,0.446,0.188,7,-17.215,0,0.0303,0.7859999999999999,0.0916,0.10400000000000001,0.0988,107.147,4Hus6AQNHezUdbBKuo1aE8,258227,4,51,False
126,0.43700000000000006,0.26899999999999996,8,-17.907,1,0.0356,0.701,0.88,0.0788,0.654,148.75799999999998,6IuiRJsGQ1pCqyGwc9lBgi,331133,4,40,False
127,0.447,0.446,2,-11.842,1,0.0295,0.848,0.893,0.11699999999999999,0.511,101.289,2ZQwrAlDEbrE2Y5snAQOIc,401813,3,39,False
128,0.644,0.205,10,-16.005,1,0.0397,0.7140000000000001,0.0482,0.051,0.428,118.314,2z6D5bIA9Wprdqi1B8nnVh,340693,4,43,False
129,0.55,0.389,1,-15.542,1,0.0308,0.898,0.914,0.106,0.743,166.24599999999998,37fKuIYSd67vF8mPpkgKyS,383027,4,35,False
130,0.499,0.22699999999999998,5,-22.723000000000003,0,0.0462,0.823,0.9009999999999999,0.095,0.513,118.39299999999999,5TCX4HQQEQqkLHlZJML806,256377,4,0,False
131,0.518,0.526,7,-9.753,1,0.0362,0.85,0.7240000000000001,0.125,0.3,128.13299999999998,4lsoraogx0H5pMYMQe9FyO,313560,4,36,False
132,0.336,0.0452,8,-20.593000000000004,0,0.033,0.987,0.086,0.16,0.21899999999999997,87.25,0ezRjBMuxG1PcW0FEVgaWS,313693,4,36,False
133,0.5539999999999999,0.17,3,-14.377,1,0.0332,0.919,0.495,0.131,0.324,90.98700000000001,0ZciyueIR3Jl1gh4lbiLsk,463907,4,46,False
134,0.493,0.28300000000000003,2,-17.36,1,0.0316,0.624,0.109,0.11699999999999999,0.386,73.745,3gPr9tbx4jSM0nS6O9J5UZ,329653,4,38,False
135,0.43200000000000005,0.185,8,-19.414,1,0.0338,0.8290000000000001,0.134,0.11199999999999999,0.0956,65.438,36Vwqyg0LO1q0aRfAuZkFU,391240,4,36,False
136,0.5379999999999999,0.366,9,-13.043,0,0.0289,0.685,0.5660000000000001,0.0554,0.26899999999999996,127.71799999999999,4iCOzZYiSCljWB7D7t87JT,485133,4,37,False
137,0.561,0.34600000000000003,0,-12.595999999999998,0,0.0409,0.873,0.39899999999999997,0.10400000000000001,0.6970000000000001,93.689,6CDQBADsdzJwc3qZ3OPDHH,290293,4,56,False
138,0.557,0.10400000000000001,3,-22.669,0,0.0437,0.696,0.899,0.1,0.308,123.145,4WCZalosPdTXmwZ5ZUOarr,505067,4,39,False
139,0.573,0.271,6,-16.137999999999998,1,0.0489,0.804,0.8,0.0877,0.46399999999999997,130.623,6keKDGemOj5o7VJHNVaeYl,402013,4,36,False
140,0.442,0.451,7,-13.075,1,0.0391,0.376,0.000373,0.0867,0.369,122.848,2GIwZ0stUc9Pd46XsPrYra,277307,4,38,False
141,0.633,0.12,5,-20.066,0,0.0428,0.971,0.871,0.121,0.456,115.51,7hbpUZY7qsDPBe9X2juJEz,149072,3,50,False
142,0.629,0.14300000000000002,3,-17.662,1,0.0365,0.8170000000000001,0.152,0.0685,0.402,119.07600000000001,253VASytYpIZrZGpTlHyHQ,453200,4,41,False
143,0.532,0.132,8,-15.890999999999998,1,0.047,0.865,0.159,0.166,0.332,89.321,0ZO3xca4fN38Be1un20nc9,309000,4,45,False
144,0.6859999999999999,0.439,8,-9.304,1,0.0546,0.6509999999999999,0.16699999999999998,0.102,0.529,136.452,6OYVeWlKICv4I70RM1yHUC,297040,4,0,False
145,0.48700000000000004,0.354,9,-13.884,0,0.0417,0.525,0.000273,0.0958,0.736,177.572,1um3T5M9KAgWLDQk0IUzhh,270133,4,0,False
146,0.539,0.40299999999999997,8,-9.168,1,0.0531,0.794,0.0006129999999999999,0.278,0.6990000000000001,165.301,2BhU0Hl5OatWiCW93pE2b8,342333,4,53,False
147,0.45,0.298,5,-16.894000000000002,1,0.0543,0.878,0.7859999999999999,0.0829,0.44,182.63099999999997,4JI1z2ExhzqYbnTyG5bNX6,328507,3,38,False
148,0.517,0.151,0,-17.266,1,0.0373,0.705,0.0013599999999999999,0.11599999999999999,0.21,136.356,4vLYewWIvqHfKtJDk8c8tq,562640,4,62,False
149,0.42700000000000005,0.287,11,-19.834,1,0.0346,0.8759999999999999,0.8740000000000001,0.133,0.469,104.40700000000001,3apdPUK06P8pXgTsIKlFIl,291862,4,37,False
150,0.6759999999999999,0.113,5,-17.238,1,0.055,0.6,1.56e-05,0.0696,0.233,71.11,02Z7LG6DNTuVTJiGdvTwDu,303173,4,45,False
151,0.45399999999999996,0.26,8,-13.193,0,0.0401,0.539,0.00078,0.0675,0.598,174.322,1YQWosTIljIvxAgHWTp7KP,324133,5,66,False
152,0.455,0.255,6,-18.989,1,0.0492,0.7020000000000001,0.894,0.0591,0.303,79.76100000000001,5x0knlH4sCOHjw2GjEZPEB,422067,4,37,False
153,0.451,0.441,8,-14.812999999999999,1,0.0353,0.757,0.8109999999999999,0.0871,0.5870000000000001,77.381,6geba7EiMvkWk7h2XWzjb8,423520,4,36,False
154,0.47,0.156,2,-17.035999999999998,1,0.0399,0.623,0.187,0.10400000000000001,0.059000000000000004,118.176,6f6OQJv9qjqyJq9NHin45n,394920,4,51,False
155,0.43200000000000005,0.215,5,-14.227,1,0.0354,0.831,0.0038799999999999998,0.10400000000000001,0.506,146.847,669fZh7MR6mreYTIV3n8ff,389640,4,43,False
156,0.615,0.43700000000000006,0,-8.105,1,0.0293,0.425,0.0477,0.114,0.209,141.765,2AuLEJxJsMVjFggVyv80ev,188768,4,38,False
157,0.45899999999999996,0.0698,6,-16.827,1,0.035,0.991,0.10300000000000001,0.109,0.23199999999999998,105.20200000000001,1GIPP103zfsythULEpsmdw,187373,4,55,False
158,0.653,0.585,0,-5.365,1,0.0348,0.115,2.2800000000000002e-05,0.0934,0.767,167.924,4e6UKWQ3GUWr84mkhMAan6,229012,4,0,False
159,0.489,0.35700000000000004,0,-6.0329999999999995,1,0.0263,0.738,0.0,0.105,0.23600000000000002,81.93700000000001,5mdBAkjyr5AuFFbRXQ1M2X,234080,4,45,False
160,0.654,0.429,10,-10.247,1,0.0335,0.0848,0.0,0.133,0.11900000000000001,105.009,0a1zW8yFVqHtnZ9mRRYpky,198693,4,34,False
161,0.337,0.37799999999999995,3,-6.375,1,0.0372,0.77,0.0,0.10800000000000001,0.201,77.531,5SAWupL3NpORD5rCa25sL0,245867,4,0,False
162,0.752,0.445,5,-5.771,1,0.0463,0.414,0.00659,0.115,0.732,113.993,2MmpwtisjzvuQWj9QXdmQw,175560,4,46,False
163,0.474,0.484,11,-9.793,1,0.0365,0.126,1.76e-05,0.133,0.0871,119.91,5p4ydBPTPRhhQ6mWTWswXJ,233979,4,35,False
164,0.5710000000000001,0.47700000000000004,2,-12.319,1,0.0392,0.6,0.391,0.111,0.466,77.954,66gYCVuAKeIlVgTbAmAbWq,233072,4,37,False
165,0.618,0.532,5,-6.979,1,0.0258,0.165,0.0,0.0846,0.428,97.395,7svRDEluRfEVYT6r1P6ePB,193598,3,0,False
166,0.384,0.165,2,-9.601,1,0.0446,0.958,0.0,0.10099999999999999,0.33299999999999996,68.469,53Wsf11ElpPr1WAGtRQlcx,223347,4,60,False
167,0.387,0.23399999999999999,0,-8.861,1,0.0373,0.736,0.0,0.084,0.408,78.65,6MLHg35rlksBc5OBcdZvJi,230353,4,45,False
168,0.562,0.455,5,-8.937000000000001,1,0.0307,0.41700000000000004,2.07e-06,0.10300000000000001,0.395,159.878,07YRZrOmEGdDicx0YziCPf,204998,4,58,False
169,0.589,0.465,7,-7.496,1,0.0285,0.251,0.0,0.102,0.218,141.843,480bysjBjUKRHgznJOalrA,242933,4,29,False
170,0.73,0.40299999999999997,4,-10.146,1,0.0483,0.718,0.00242,0.0985,0.502,124.90100000000001,3rUw4cRDeYVZhjkUXBnFUQ,229227,4,54,False
171,0.386,0.136,6,-9.267000000000001,1,0.0458,0.932,0.0,0.0653,0.0976,67.016,3cWI6Hj9LQ0MfMuhw9uSMc,225853,3,71,False
172,0.667,0.282,4,-9.154,1,0.0395,0.838,9.73e-06,0.0854,0.512,89.955,3wD9lRUL8hYJzPnJDSCzD9,198898,4,52,False
173,0.614,0.527,10,-6.374,1,0.0302,0.597,0.0,0.11,0.354,121.941,42bbDWZ8WmXTH7PkYAlGLu,211764,4,73,False
174,0.556,0.528,4,-8.033,1,0.0266,0.615,0.0964,0.122,0.163,159.821,1HNywa8Bk0TmzRwQrzhtPo,285480,4,72,False
175,0.725,0.314,2,-10.201,1,0.0495,0.769,0.00103,0.0659,0.395,80.018,3X4LgKKFfoueosYUMGKt5P,211600,4,7,False
176,0.634,0.505,0,-7.752999999999999,0,0.0341,0.506,1.8000000000000001e-06,0.11599999999999999,0.136,89.045,614GWtz7F9A61E9OPZqNkU,218827,4,58,False
177,0.517,0.525,9,-7.494,0,0.0492,0.217,0.0,0.107,0.478,170.049,5rWjy4ys7LdinaFKZQBlZh,240867,4,62,False
178,0.693,0.257,6,-7.785,1,0.0356,0.8690000000000001,0.0,0.11,0.603,90.012,7JEUg9KqmpdIE5Nbb9ss66,182667,4,66,False
179,0.373,0.293,0,-12.794,0,0.0368,0.792,0.000174,0.122,0.249,104.691,4FdZw6BbWYPHmd9VTgIMoU,204018,4,45,False
180,0.42700000000000005,0.131,8,-12.785,1,0.0341,0.9309999999999999,2.05e-06,0.121,0.361,156.892,3Fd1DPWahuBsv7HvcM36qG,215710,4,43,False
181,0.5489999999999999,0.413,4,-5.587000000000001,1,0.0362,0.7559999999999999,0.0,0.0939,0.29,139.981,3xRcQ04b0l5RiU2w7lJhCD,225920,4,70,False
182,0.467,0.317,2,-12.534,1,0.0435,0.628,0.0,0.091,0.418,178.643,2lXNibPcBjxEqtMfV15Mv2,159680,4,47,False
183,0.557,0.446,0,-9.196,1,0.0464,0.581,3.33e-06,0.0637,0.266,104.03,3OyabaomC5SxrezRoMf8Xy,225029,4,0,False
184,0.655,0.5920000000000001,1,-9.901,1,0.0443,0.156,0.000254,0.0918,0.584,92.03299999999999,7gKB72lW18lE0pfo9GMzMJ,198480,4,3,True
185,0.665,0.312,11,-9.91,1,0.0424,0.723,0.0,0.113,0.10800000000000001,119.85700000000001,53wyb1M1ffHqXLwmayttK0,218818,4,0,False
186,0.721,0.561,10,-7.396,0,0.0273,0.249,0.0,0.13699999999999998,0.61,97.03299999999999,654FxY36y0lK5BNEnQ0Bg4,212864,4,36,False
187,0.556,0.589,0,-6.209,1,0.0431,0.306,0.0,0.147,0.264,180.942,5bZeugrr7oIATt1CLJuhT4,246320,3,69,False
188,0.445,0.35700000000000004,7,-9.163,1,0.0445,0.153,0.0,0.35600000000000004,0.159,147.062,5JkUNbYSn06ghlmu0NRUMf,186463,4,57,False
189,0.43700000000000006,0.523,9,-7.649,1,0.0498,0.24100000000000002,0.00134,0.0993,0.107,143.31,6D5TcJMu9lMrBknjuIbLQI,214199,4,30,False
190,0.521,0.5660000000000001,2,-7.648,1,0.0454,0.212,0.0,0.109,0.387,87.75299999999999,1UZxI3ng9Dk1HndwvahyxQ,172163,4,50,False
191,0.626,0.575,4,-7.507000000000001,1,0.0535,0.0694,3.34e-06,0.114,0.222,119.97,4uBwFIBwZcgHNvwNjOqICX,208227,4,54,False
192,0.715,0.59,7,-7.855,1,0.0286,0.652,0.000551,0.0627,0.395,119.96600000000001,2ZrIGSO7RUz0Di1QrrqiI9,211840,4,41,False
193,0.556,0.5920000000000001,3,-7.121,1,0.0393,0.185,0.324,0.109,0.196,138.041,1iy9FLjmcGQdjAXWi1y4D1,232000,4,51,False
194,0.45799999999999996,0.813,11,-2.697,1,0.0566,0.1,0.0,0.188,0.314,139.886,59WWDNjN2fYf3uAeV95heB,235147,4,9,False
195,0.631,0.715,1,-6.082999999999999,0,0.0277,0.0299,0.0,0.121,0.42,135.826,4JWQC6gyYoPRnxRxk0ta2M,176880,4,1,False
196,0.381,0.48100000000000004,4,-5.82,1,0.0365,0.0509,0.0,0.1,0.162,123.09,0x0wnWdzn7nQ4Q8cmMdDSo,247843,4,0,False
197,0.48100000000000004,0.28600000000000003,7,-7.986000000000001,1,0.0307,0.836,1.76e-06,0.111,0.225,73.274,2HCe06MzVBsrOVgZv5VSSa,199615,4,31,False
198,0.536,0.426,7,-10.446,1,0.12300000000000001,0.64,5.88e-06,0.147,0.375,135.872,7GajeLvMksa794ZEQXwRSy,211567,4,0,False
199,0.45899999999999996,0.292,9,-6.235,1,0.0348,0.677,0.0,0.11900000000000001,0.226,110.67399999999999,3t7PAG8ByriTrDNWSDCP1x,263054,4,60,False
200,0.5760000000000001,0.85,10,-3.989,1,0.0627,0.136,0.0,0.0821,0.542,81.99600000000001,3qhOjLeh6HePtsDhtxGpuR,212827,4,0,True
201,0.451,0.528,2,-6.984,1,0.0364,0.366,0.0,0.0811,0.527,139.28,03VNgdCL9t8aPyvwZecglI,181360,5,58,False
202,0.659,0.451,10,-8.16,1,0.032,0.278,0.0,0.0889,0.392,101.99,24qOlCdUSSU6ungmY6fZmi,174280,4,56,False
203,0.597,0.687,4,-6.5360000000000005,1,0.0466,0.21600000000000003,0.0,0.107,0.502,94.749,2Pph0CUJ8uksCBzV6iyuQF,234623,4,65,False
204,0.65,0.628,7,-6.532,1,0.0811,0.248,0.0,0.0731,0.431,94.014,5WyB2G0ecrM2qK3FJCkoUD,182701,4,34,False
205,0.531,0.648,6,-6.12,1,0.0601,0.253,0.0,0.098,0.326,148.007,0P7hldeLJsslU345SbZi5R,224720,4,0,False
206,0.88,0.245,9,-10.245,1,0.446,0.785,3.19e-05,0.0979,0.638,76.006,7kr3xZk4yb3YSZ4VFtg2Qt,172200,4,52,False
207,0.606,0.54,7,-6.271,0,0.0339,0.182,0.000144,0.14400000000000002,0.249,79.952,5cXAhazDamL2rcIxThZWOt,216853,4,54,False
208,0.565,0.242,2,-8.367,1,0.0318,0.762,9.3e-06,0.285,0.237,81.657,5ug4vqGZ3eisGhY1IsziNX,243267,4,71,False
209,0.557,0.617,9,-5.186,1,0.032,0.212,0.0,0.0934,0.155,94.99700000000001,33UI8dgfkDOf32DWBH1GL0,194787,4,56,False
210,0.198,0.53,1,-6.046,0,0.0368,0.11699999999999999,0.0,0.281,0.184,175.47400000000002,1W6ETRA3zP5lOSr3nuEB90,202522,3,0,False
211,0.703,0.6679999999999999,4,-7.746,1,0.0289,0.0428,0.000408,0.0963,0.659,120.005,6TL3MOcVW8i1UiJkvhpDbR,156987,4,71,False
212,0.518,0.479,0,-15.970999999999998,1,0.0519,0.705,0.878,0.0968,0.22,80.005,00DrIsn8msfbQf3Let6UTD,136500,4,53,False
213,0.535,0.18100000000000002,11,-20.333,0,0.04,0.9590000000000001,0.8270000000000001,0.11199999999999999,0.0531,124.993,6NyF7cfh2R8z0E8y02rC7M,177093,4,44,False
214,0.757,0.565,5,-9.258,0,0.0961,0.0511,0.883,0.10800000000000001,0.478,122.0,2CyYckvlqYiw29Zw2JqYUb,179117,4,54,False
215,0.511,0.363,3,-13.799000000000001,1,0.027000000000000003,0.163,0.515,0.122,0.192,141.94899999999998,4cL7JffDg7AHPOBTzKeN7R,193032,4,60,False
216,0.47700000000000004,0.336,5,-16.965999999999998,0,0.0353,0.8140000000000001,0.905,0.111,0.209,196.01,2e5y1McoTrDZLsZyzqbT65,221281,3,57,False
217,0.65,0.17800000000000002,0,-14.300999999999998,1,0.0338,0.856,0.868,0.13,0.17,122.015,0aopoiOOwFoauHgnyEZBUE,204590,4,26,False
218,0.5379999999999999,0.316,10,-14.923,1,0.0268,0.902,0.943,0.12300000000000001,0.141,90.01,2MFkg5GzZyRZKnVi3CciBw,153016,3,52,False
219,0.46799999999999997,0.193,4,-18.219,0,0.0271,0.74,0.9670000000000001,0.10400000000000001,0.193,87.99,0vjHiir9lHpZIIrvy3xWPZ,143919,4,50,False
220,0.565,0.377,7,-17.469,1,0.0362,0.5710000000000001,0.894,0.109,0.0374,90.0,7elsLIoa52wnR9bhG6QL7A,216457,4,49,False
221,0.616,0.20199999999999999,11,-14.144,0,0.0383,0.71,0.6779999999999999,0.0871,0.0773,139.857,157kvk58Qr04AiuDv2aQWd,194571,4,56,False
222,0.735,0.284,4,-16.863,1,0.0473,0.794,0.893,0.0991,0.43700000000000006,103.0,2WMtVdi53gSyrk4KzBW5qh,222379,4,50,False
223,0.677,0.209,6,-12.8,0,0.0522,0.149,0.855,0.10300000000000001,0.14800000000000002,170.15099999999998,7tRv23Uvd3lhucDZ0OwVHI,94581,4,52,False
224,0.684,0.33799999999999997,11,-12.177,0,0.0382,0.0686,0.883,0.11599999999999999,0.38299999999999995,84.984,6O67qWawHI9BysecIhpdJj,135529,4,41,False
225,0.5529999999999999,0.48,10,-10.272,0,0.0344,0.409,0.8340000000000001,0.102,0.625,95.38,694EKGkpww46ejk4jyzYM0,186900,4,51,False
226,0.6729999999999999,0.282,0,-17.637,0,0.0495,0.7829999999999999,0.946,0.54,0.28300000000000003,127.98100000000001,2m52ujxoHXXOzYoWJV3zsa,126797,4,42,False
227,0.653,0.297,8,-16.991,1,0.0605,0.799,0.797,0.165,0.289,180.025,65akmuRiBnvX9qQoEwUT4f,172007,4,46,False
228,0.7290000000000001,0.254,9,-13.797,0,0.0523,0.899,0.895,0.0956,0.626,79.0,23NGeIYW5sdpeWs2mZJKTh,133671,4,32,False
229,0.32,0.16399999999999998,11,-18.956,0,0.0265,0.925,0.9179999999999999,0.111,0.158,99.939,02NPmYFlgDP3gv5NB8m0I0,177688,4,54,False
230,0.647,0.075,2,-14.901,1,0.0428,0.956,0.855,0.111,0.038,114.98,0UfzEMtcWwsigLFt4dJvb1,178472,4,54,False
231,0.604,0.33,10,-15.842,0,0.0391,0.545,0.915,0.129,0.19,95.35700000000001,7CcJM0gz2YrZUCxOlIzQ8W,198894,4,48,False
232,0.645,0.10300000000000001,7,-14.542,0,0.0853,0.213,0.848,0.10800000000000001,0.12300000000000001,80.024,0q74XPUHz2zHMSxp2URtQ4,123000,3,42,False
233,0.551,0.28800000000000003,7,-13.859000000000002,0,0.0326,0.5670000000000001,0.868,0.324,0.424,75.02,6FqJhbZobVlLLYFfvMibIL,166400,4,42,False
234,0.912,0.612,9,-14.707,0,0.0823,0.698,0.9490000000000001,0.111,0.72,124.99799999999999,5yGKugFS9ThvZodVf7aqC4,149265,4,49,False
235,0.66,0.159,2,-16.346,0,0.0451,0.904,0.889,0.0916,0.185,170.03099999999998,7d9qiNBpO9FMnKsNDekJFk,115765,4,42,False
236,0.23199999999999998,0.248,3,-13.207,0,0.0305,0.777,0.867,0.124,0.0837,62.935,0Oq4dCN4vvEVGX6T0XQ7Ge,162761,4,54,False
237,0.58,0.12300000000000001,5,-27.519000000000002,1,0.0328,0.89,0.86,0.0939,0.102,140.001,1RiLeuzt9obdImY1RXp5rQ,179000,4,56,False
238,0.516,0.177,3,-20.473,1,0.0312,0.84,0.8170000000000001,0.135,0.132,94.994,1z7GhYG0KqAmebdLfuoYho,160105,3,54,False
239,0.285,0.27899999999999997,9,-18.266,1,0.0551,0.8390000000000001,0.86,0.33299999999999996,0.0396,180.037,5O1L8o8fmUdVaf88z5dfWB,298681,4,59,False
240,0.37,0.596,7,-14.225,0,0.0815,0.764,0.9059999999999999,0.10800000000000001,0.198,149.332,3oPrZEuRod8pkBTVkZ2csE,269026,4,41,False
241,0.563,0.52,8,-10.107999999999999,0,0.0283,0.0487,0.841,0.10400000000000001,0.0397,113.98,62uMQcLNrUttPKgSMJQKCA,273684,4,36,False
242,0.6809999999999999,0.45,8,-8.634,1,0.284,0.47,0.0764,0.0863,0.312,169.982,3Jf28CilrIK9DNjKJUJYVg,146824,4,44,False
243,0.535,0.276,8,-13.247,0,0.14,0.444,0.898,0.11,0.392,84.89,4tlqMIhqFPDpWlSEw2e4pR,101647,4,31,False
244,0.615,0.185,8,-15.539000000000001,1,0.0687,0.823,0.72,0.10300000000000001,0.265,78.949,7wHmSdHLSEBT2IoU1Qe5xq,221139,4,56,False
245,0.782,0.509,11,-13.68,1,0.0615,0.0142,0.87,0.113,0.623,150.011,7ENbMrxiwYrjJxElH7E7PE,128800,4,34,False
246,0.23399999999999999,0.14800000000000002,9,-21.515,0,0.0352,0.792,0.9520000000000001,0.11,0.0859,101.67,5RZdIJadTB8KQQuLxiNAes,204000,4,32,False
247,0.557,0.371,0,-16.708,1,0.048,0.892,0.902,0.10300000000000001,0.20600000000000002,169.97799999999998,0eVdc5e2w7SVOX0fE8h8iO,203000,4,33,False
248,0.575,0.257,0,-12.022,0,0.0475,0.86,0.856,0.106,0.23600000000000002,77.992,05F6jG2fm4V9CXIcXzWiMQ,110769,4,35,False
249,0.627,0.515,9,-8.464,0,0.0288,0.42,0.818,0.0969,0.48200000000000004,148.02700000000002,6FU1c4BwszLZVOxeRHUJdw,184446,4,58,False
250,0.63,0.245,8,-17.762999999999998,0,0.161,0.9670000000000001,0.9590000000000001,0.125,0.259,179.97799999999998,1m2FFOY5zEOV8HhHS56djo,128000,4,30,False
251,0.54,0.0743,3,-26.07,0,0.0373,0.87,0.794,0.114,0.15,95.022,7s7cgU5RJ3vhWp1ZYRr8UR,98526,4,57,False
252,0.659,0.43,4,-8.629,1,0.22899999999999998,0.593,0.8540000000000001,0.293,0.308,106.759,52YKIYKvPueCU5VOwt98dS,123849,5,49,False
253,0.525,0.17600000000000002,0,-22.959,1,0.0935,0.9209999999999999,0.755,0.0743,0.317,80.389,5RqkiY002Ja8ETYZrVmGUJ,78565,3,58,False
254,0.608,0.22399999999999998,5,-14.402000000000001,0,0.0319,0.309,0.62,0.14400000000000002,0.56,99.969,2pQ4BhwUbX9vagLyumA0YB,194825,4,49,False
255,0.5720000000000001,0.474,0,-12.573,1,0.0262,0.546,0.9009999999999999,0.16,0.267,140.03,1zCK5xpayjLwhiGrWEm90Y,163679,4,44,False
256,0.6679999999999999,0.359,4,-12.659,0,0.0448,0.223,0.941,0.102,0.203,120.039,5IFnbDGBf3Gnhkt6jiGKFr,116000,4,48,False
257,0.667,0.17800000000000002,1,-12.352,1,0.0502,0.6829999999999999,0.5379999999999999,0.107,0.47200000000000003,80.01899999999999,2VcVGxzQZYcmMd62BAz8oQ,108000,4,40,False
258,0.609,0.298,5,-13.682,0,0.0281,0.9690000000000001,0.9359999999999999,0.0801,0.11199999999999999,140.003,4JfigucMdhidtV5oGUbBxY,216000,4,55,False
259,0.753,0.397,9,-15.147,0,0.0413,0.75,0.807,0.312,0.209,110.012,354rwG2WjcE4G6Gf43U1hy,154545,4,42,False
260,0.45299999999999996,0.5329999999999999,0,-11.92,0,0.0395,0.426,0.9079999999999999,0.135,0.0425,89.98299999999999,6I7lRMp9DcBxWQkUVY7kRW,169398,4,57,False
261,0.5539999999999999,0.156,11,-25.553,1,0.0522,0.8759999999999999,0.9329999999999999,0.0925,0.162,180.114,2SsXMT8HadsHWoyyucq1E1,181333,4,30,False
262,0.812,0.0276,11,-14.748,0,0.287,0.765,0.9470000000000001,0.11199999999999999,0.9309999999999999,108.08200000000001,4dBHm1Nx25NN18VZYHQ6WR,251128,4,54,False
263,0.752,0.20199999999999999,7,-9.806000000000001,1,0.0352,0.527,0.909,0.37200000000000005,0.28800000000000003,126.723,0X8D4NZR9ijI8LxEvlcqAJ,154239,4,40,False
264,0.606,0.738,5,-7.709,0,0.0432,0.00848,0.7490000000000001,0.271,0.525,80.02199999999999,5MqMvmprqTNBTpeiectpMX,136526,4,33,False
265,0.17600000000000002,0.133,8,-13.365,1,0.0396,0.83,0.912,0.11199999999999999,0.0766,71.715,2CfUPk6cbQcS1SD15TAJ8n,212513,4,49,False
266,0.711,0.318,7,-9.883,0,0.0844,0.92,0.945,0.0861,0.614,84.975,0kemRD4kxypikpRSbtTRj0,93176,4,30,False
267,0.6779999999999999,0.647,1,-6.409,1,0.0291,0.00146,0.9009999999999999,0.129,0.0761,132.028,1VPUmoLzVL9wQ5cmzLT5t6,192045,4,38,False
268,0.6679999999999999,0.20600000000000002,2,-20.197,1,0.0599,0.624,0.937,0.131,0.183,152.037,5tuNgB2oA7edy3Nw9mIQ6W,214358,4,26,False
269,0.461,0.42100000000000004,8,-13.635,1,0.0307,0.941,0.87,0.109,0.0605,149.954,4v4yJdcwrLzNE2dEPGPsev,163050,4,49,False
270,0.6709999999999999,0.51,5,-11.329,1,0.0401,0.18600000000000003,0.9390000000000001,0.0972,0.271,96.0,17YLsJ4vxqP113HNFrFSUV,167239,4,58,False
271,0.6990000000000001,0.265,2,-12.222000000000001,1,0.0863,0.867,0.84,0.113,0.049,90.039,23LxW8Ssmlpn4GjFrnDTFs,119229,4,60,False
272,0.653,0.258,3,-13.332,0,0.036000000000000004,0.889,0.919,0.11,0.136,130.02700000000002,76aN0A4w4L3dgZRjFZyMdO,190904,1,57,False
273,0.44299999999999995,0.444,4,-12.77,0,0.0291,0.708,0.853,0.102,0.20600000000000002,130.08700000000002,6gJE25UxGpGXv2WC01VCt0,153385,4,53,False
274,0.922,0.508,8,-7.4910000000000005,0,0.132,0.187,0.386,0.0934,0.696,140.056,0WZ4gtS8RX39NqF1xhAXbQ,144000,4,53,False
275,0.5539999999999999,0.278,9,-19.047,0,0.0338,0.96,0.9109999999999999,0.142,0.33899999999999997,92.00399999999999,1p2vpSpwusZrLLgjCqBAHe,146250,4,51,False
276,0.8220000000000001,0.377,7,-11.41,1,0.0749,0.38799999999999996,0.812,0.0613,0.789,122.021,2EgNKyAs31YQeKa3OopRWR,187310,4,38,False
277,0.625,0.273,8,-18.567999999999998,1,0.0378,0.897,0.894,0.10800000000000001,0.201,89.98,3FtvZpfxzP5ZHp3qcTMWK7,168158,4,52,False
278,0.496,0.13,0,-23.191,1,0.0456,0.596,0.917,0.142,0.18,85.0,105WMCsl6OKceQTKPsbDC6,134301,3,30,False
279,0.48200000000000004,0.342,11,-15.052999999999999,0,0.0477,0.924,0.899,0.11,0.353,123.07600000000001,06Xy5xpjxss3dkk9oSPsee,228732,4,47,False
280,0.818,0.179,7,-16.208,0,0.0604,0.608,0.889,0.0659,0.263,129.945,2FDMN3in8KIQJi0avzdPFd,201000,4,26,False
281,0.748,0.409,2,-12.388,1,0.0887,0.0308,0.8959999999999999,0.091,0.47100000000000003,99.992,0uFCDmv6WJdjcEul1nAAQ9,194400,4,50,False
282,0.642,0.27699999999999997,7,-13.456,0,0.040999999999999995,0.263,0.863,0.11199999999999999,0.316,90.00299999999999,56LZ3dKKaV3HQwesiQ0WDq,289979,4,25,False
283,0.701,0.748,5,-7.159,1,0.0416,0.16,1.89e-05,0.0666,0.927,116.963,1g1CCNbAA546LXL4q3CwSZ,201364,4,30,False
284,0.609,0.746,5,-4.41,1,0.0296,0.114,0.00044500000000000003,0.207,0.7390000000000001,164.173,6b2BVDyqhzA2DHIe01cNhV,205487,4,56,False
285,0.8079999999999999,0.8079999999999999,7,-10.595999999999998,1,0.039,0.0885,0.687,0.0932,0.475,99.985,2IuXKFaWQhwhYAScCOclkV,242733,4,43,False
286,0.297,0.6679999999999999,1,-4.298,1,0.044000000000000004,0.5770000000000001,0.000647,0.302,0.519,92.57600000000001,4KKu46t4zWtQPcM7NHzCvr,231076,3,35,False
287,0.7959999999999999,0.784,2,-6.115,0,0.0293,0.532,5.47e-05,0.142,0.9079999999999999,106.035,2eOyh4AuxBnX5uAwWLrgsB,261696,4,36,False
288,0.745,0.647,10,-8.293,0,0.0409,0.162,0.0836,0.0757,0.442,102.01899999999999,63lE9CBiNmJIdgkH2vPpVm,370730,4,37,False
289,0.679,0.965,9,-6.537000000000001,0,0.0386,0.129,0.8759999999999999,0.171,0.943,122.432,704w7nDWknuIV05nSWoXEw,229080,4,34,False
290,0.425,0.835,11,-4.657,0,0.349,0.414,0.0,0.245,0.213,171.56799999999998,2XaUNp5zFwIAP9dPrHQkX0,229609,4,32,False
291,0.831,0.604,11,-6.507000000000001,0,0.0619,0.0661,0.000433,0.136,0.607,98.98200000000001,6t7JcobrG8uPND06S7ZJ0n,221440,4,0,False
292,0.5660000000000001,0.535,0,-6.792000000000001,0,0.0325,0.485,0.00028399999999999996,0.217,0.6509999999999999,77.017,1J4xv5V5dzkA8UGtXSbCNU,185083,4,46,False
293,0.5820000000000001,0.431,11,-10.599,1,0.035,0.884,8.09e-05,0.10800000000000001,0.534,108.031,7nuAQwrVIe6ulWBaM1eR71,221111,4,38,False
294,0.778,0.698,6,-5.7379999999999995,1,0.0415,0.439,2.09e-05,0.11800000000000001,0.637,101.941,2VNExLz5Y7zubCNuVbSUJP,204718,4,52,False
295,0.715,0.589,4,-8.943999999999999,1,0.0513,0.0639,6.43e-05,0.18100000000000002,0.46399999999999997,101.835,0NEHr6HubGty2liiPyFw2u,174707,4,36,False
296,0.8440000000000001,0.39799999999999996,9,-10.146,1,0.0553,0.19,0.000268,0.107,0.809,116.05799999999999,2mR5kqpXgOndUkU58lXpJW,214000,4,43,False
297,0.799,0.8320000000000001,10,-4.982,1,0.0369,0.489,1.32e-05,0.0888,0.745,129.99200000000002,4HMLjIO0JWKskd4OcO66re,210462,4,33,False
298,0.723,0.857,9,-6.466,0,0.0441,0.0714,0.0,0.092,0.8590000000000001,124.959,5sTSeo2f3Rjo7eMV1AdlEM,294000,4,36,False
299,0.727,0.66,10,-9.164,1,0.0406,0.377,0.0478,0.0603,0.9129999999999999,93.07700000000001,3cc2P5CaHJdjIb9hYNZdyK,247320,4,30,False
300,0.8059999999999999,0.34600000000000003,11,-10.885,0,0.0449,0.512,0.0,0.0997,0.654,111.979,4NtU5Yq5SqaIbGjpbPmXw7,192007,4,39,False
301,0.742,0.753,9,-6.178999999999999,1,0.19399999999999998,0.267,0.0,0.282,0.552,120.00399999999999,3t9LQp3NX9956wJJk4pGF6,200303,4,47,False
302,0.688,0.737,7,-6.6339999999999995,1,0.0307,0.233,0.802,0.11900000000000001,0.899,135.95,2DlDgDM7wNOjfJhN90rWmv,238760,4,36,False
303,0.804,0.9279999999999999,11,-7.827000000000001,1,0.0868,0.0754,3.37e-05,0.135,0.8009999999999999,94.964,6T4qGTlReMLyEL7Ie0dkdt,133907,4,0,False
304,0.42100000000000004,0.312,11,-10.722999999999999,0,0.0281,0.885,5.19e-05,0.518,0.39799999999999996,106.48,30hpm4A4rtS0qNzt1vh5Ct,251831,3,32,False
305,0.84,0.465,2,-8.861,1,0.0347,0.133,7.99e-06,0.153,0.58,109.99799999999999,5iBP84nYff7zzoYGSfOwgf,249250,4,46,False
306,0.7879999999999999,0.402,5,-8.45,0,0.22699999999999998,0.469,0.0,0.0822,0.434,141.374,0dMQafMHQxzZIfBPUGWCQG,198298,4,43,False
307,0.8440000000000001,0.7240000000000001,2,-7.4110000000000005,1,0.129,0.0235,0.114,0.0601,0.785,88.12,6muW3ShcHUFFSfEfw8yqMP,212240,4,36,False
308,0.539,0.45799999999999996,8,-14.529000000000002,1,0.0362,0.345,2.71e-05,0.0466,0.94,100.21700000000001,6RkiGbfRM1Blo3iXVc98uS,262989,4,37,False
309,0.6609999999999999,0.828,0,-4.58,1,0.0489,0.268,6.21e-06,0.306,0.629,99.505,0v1fyQIaCG4e3TwCO3F0VZ,219269,4,30,False
310,0.7959999999999999,0.631,1,-7.622999999999999,0,0.0479,0.728,0.0022,0.151,0.684,100.99600000000001,29iNhnoFkQBvOlUKn2io14,220720,4,59,False
311,0.6809999999999999,0.662,9,-9.964,0,0.0482,0.7390000000000001,0.000177,0.105,0.877,142.811,6W9h0BezjB0P5Zcf2FWMPu,197889,4,0,False
312,0.63,0.7170000000000001,11,-9.249,0,0.066,0.752,0.6829999999999999,0.14800000000000002,0.9570000000000001,176.035,7tIzEqfD8SONXtdI5KE9uk,229476,4,0,False
313,0.951,0.5670000000000001,10,-10.948,0,0.28300000000000003,0.446,0.138,0.106,0.6759999999999999,107.007,00GwxMge3vIOMeV43Erckc,329719,4,48,False
314,0.8109999999999999,0.39799999999999996,9,-10.443,1,0.0313,0.9159999999999999,0.14800000000000002,0.16,0.8240000000000001,104.956,53FTMNsJZWS3rnJzHoaugG,231979,4,42,False
315,0.648,0.708,4,-7.101,0,0.0416,0.0114,0.0775,0.23800000000000002,0.595,164.00599999999997,35U6NyVIlRIdNiNBd7Hz6G,211587,4,36,False
316,0.804,0.54,1,-7.787999999999999,1,0.0558,0.466,0.000549,0.348,0.902,164.963,2Nu7LrhiXlYZn3acB4bWGq,203920,4,49,False
317,0.7959999999999999,0.585,3,-9.815,1,0.0338,0.3,3.23e-06,0.327,0.87,127.25200000000001,69B68Pfllp2jTX9sKn2hH9,164119,4,0,False
318,0.73,0.317,3,-11.644,1,0.0611,0.736,0.005520000000000001,0.256,0.627,116.82,6O7IhKaYZSYAUv0u6xVJkl,227413,4,0,False
319,0.777,0.713,11,-8.922,0,0.0443,0.0479,0.0014,0.146,0.529,105.04899999999999,3Fj0USmSNBcOwu4oeFXtZu,226406,4,31,False
320,0.642,0.5660000000000001,6,-8.682,0,0.107,0.37799999999999995,0.0039299999999999995,0.158,0.8640000000000001,179.90599999999998,446rQWVFWcido9fHuW981s,235600,4,45,False
321,0.802,0.634,2,-9.371,0,0.16899999999999998,0.33399999999999996,0.198,0.0764,0.857,158.29399999999998,2jVYJ5WjkhqhEsTchOQyfW,152073,4,46,False
322,0.809,0.508,1,-9.182,1,0.0328,0.654,0.00022400000000000002,0.105,0.732,121.96799999999999,3fk5fBFB27GbWGATdBpOgr,181467,4,64,False
323,0.7929999999999999,0.955,10,-4.551,0,0.039,0.0641,0.922,0.0956,0.8420000000000001,113.009,15xWljr5P1FSxbrcP9l7u6,209457,4,0,False
324,0.687,0.499,0,-10.073,0,0.0435,0.8590000000000001,0.47100000000000003,0.09699999999999999,0.583,162.028,795MWYB06Kuc3w1T26ftys,342596,4,34,False
325,0.7070000000000001,0.833,0,-2.5869999999999997,1,0.0831,0.20199999999999999,0.0,0.664,0.9440000000000001,80.021,6suwy7Q9BdzR9aEdALuKiF,165056,4,42,False
326,0.754,0.647,4,-11.798,0,0.0836,0.0915,0.0997,0.0824,0.6459999999999999,114.954,2d9qr42YiIJ4EXebh7PSFz,373133,4,0,False
327,0.7,0.449,9,-7.718,1,0.0337,0.5479999999999999,8.22e-05,0.23800000000000002,0.78,104.17,0S21tUeTL1sbbEfU4Fh8YD,159791,4,34,False
328,0.758,0.6920000000000001,10,-4.803,1,0.0469,0.489,0.0,0.0838,0.935,144.034,18raESmvANegtffrhwSnP4,346800,4,36,False
329,0.79,0.355,11,-11.843,1,0.0382,0.882,0.0,0.106,0.607,130.026,6LEZkAAdNuEPE6PdEX7lrj,236347,4,37,False
330,0.7929999999999999,0.8340000000000001,7,-7.156000000000001,1,0.0561,0.0109,0.000343,0.0923,0.858,115.006,6UcB9gMHjY5VMGejDCe6k7,212521,4,30,False
331,0.728,0.7909999999999999,0,-7.377999999999999,1,0.0951,0.436,1.84e-05,0.14400000000000002,0.732,97.088,3WyCqAwE7P6OgWGGd9sW1r,247505,4,40,False
332,0.6890000000000001,0.7340000000000001,6,-5.207000000000001,0,0.0541,0.223,4.54e-05,0.126,0.9620000000000001,80.077,1sdWXIMZe8mBwzLC8jKdq7,180640,3,50,False
333,0.917,0.6970000000000001,1,-6.861000000000001,1,0.066,0.0175,0.14,0.0878,0.945,123.00200000000001,5V1gtLx7ftEsGCceWxq3be,330867,4,0,False
334,0.737,0.542,7,-9.586,1,0.0503,0.354,3.3e-06,0.127,0.687,97.015,6OOYmmUw3jcF51g3iMpvXA,234983,4,0,False
335,0.7390000000000001,0.601,9,-7.885,1,0.0542,0.46399999999999997,1.74e-06,0.32899999999999996,0.815,101.988,6nUO8aoRWfBW3APVzLpF0q,215086,4,0,False
336,0.466,0.355,5,-11.33,0,0.0377,0.914,0.22399999999999998,0.11800000000000001,0.72,79.842,1YaVDfK1ACXa0A3X8CcsqF,218627,4,0,False
337,0.722,0.91,5,-7.176,0,0.0378,0.021,0.767,0.316,0.924,125.99,09FxzLf2KRfDpXbJWIdmE3,171067,4,30,False
338,0.745,0.6509999999999999,10,-6.483,0,0.20600000000000002,0.33,0.264,0.0995,0.718,94.096,4uIJmaku85TiNpKyCFjuTD,195693,4,0,False
339,0.8270000000000001,0.5539999999999999,2,-9.999,1,0.0396,0.0973,0.494,0.106,0.37799999999999995,107.01700000000001,3XaSDElucjBkM3qFe1ynms,253492,4,40,False
340,0.8859999999999999,0.6,2,-5.093,0,0.0849,0.6629999999999999,0.14,0.10400000000000001,0.556,115.009,0RwP4csx5VT9jsnL8okhjX,196440,4,0,False
341,0.5870000000000001,0.7040000000000001,0,-4.19,1,0.14300000000000002,0.613,0.0181,0.1,0.899,96.14,5N7dYVrRW4FVvNpcAISp4f,206253,4,34,False
342,0.672,0.8170000000000001,11,-12.107000000000001,0,0.0571,0.415,0.000231,0.0715,0.9390000000000001,119.572,3qzVJh6INW1CzSDVR9MRgS,203333,4,23,False
343,0.512,0.539,5,-7.537000000000001,0,0.0402,0.35,0.354,0.0763,0.919,159.811,0IY5lHDP46LTWfEwu66TZd,208573,4,41,False
344,0.768,0.875,7,-6.222,1,0.0789,0.10800000000000001,0.22699999999999998,0.168,0.544,116.979,7ouBEajSKGc6NQPe9fpB8i,276093,4,27,False
345,0.8029999999999999,0.8540000000000001,4,-6.812,0,0.0463,0.201,0.909,0.146,0.73,124.975,3ZQ9xmsi4CQ8cFc4sj19yd,166360,4,0,False
346,0.703,0.88,11,-6.502999999999999,0,0.151,0.171,0.00965,0.111,0.655,104.85600000000001,382x0IaQk1Nqx2f3Xzfy14,273467,4,0,False
347,0.789,0.754,10,-12.945,0,0.0543,0.114,0.774,0.13699999999999998,0.7290000000000001,143.141,3uXX1oen9kKJyRcDnuM97R,340947,4,31,False
348,0.54,0.519,5,-10.455,1,0.10400000000000001,0.627,0.925,0.10300000000000001,0.594,169.896,4DIsKUbv10eow52QIzrvtX,131898,4,0,False
349,0.373,0.51,2,-13.200999999999999,0,0.0385,0.292,0.8079999999999999,0.0753,0.601,122.81,0FaYHxGCGmAzcQdXeIjmZJ,221493,4,40,False
350,0.555,0.537,1,-7.394,0,0.0467,0.723,2.03e-06,0.124,0.513,133.946,2bhLqV1h7texAwg4uEhBIx,239800,4,38,False
351,0.693,0.49200000000000005,0,-8.269,1,0.198,0.11800000000000001,0.0,0.11199999999999999,0.765,109.99600000000001,3mkd8FiQAr8yxbavwZx6Do,238573,4,0,False
352,0.765,0.578,7,-14.18,1,0.0402,0.5870000000000001,0.6890000000000001,0.027000000000000003,0.97,132.871,6LgpmOednaE46TjVgeSFJm,185787,4,34,False
353,0.862,0.804,5,-4.484,0,0.038,0.253,0.621,0.0895,0.951,125.00200000000001,0Mku3Xy8CQy5W1j6DLCUsZ,239000,4,0,False
354,0.8270000000000001,0.847,9,-6.946000000000001,0,0.0665,0.0049299999999999995,0.862,0.079,0.542,115.00299999999999,3ofJQlyeMIigLD3hSJUyME,244043,4,0,False
355,0.7390000000000001,0.775,6,-10.158,0,0.22,0.614,0.0,0.315,0.8959999999999999,105.12299999999999,3IGssOQU1XqizfaLUro3iE,274893,4,0,False
356,0.604,0.431,5,-10.982000000000001,0,0.11,0.8170000000000001,6.78e-06,0.0921,0.877,152.952,6TsE30wjcOmuQRheHdtaAF,137240,4,37,False
357,0.843,0.794,8,-7.062,0,0.111,0.133,0.0,0.0755,0.9520000000000001,91.86200000000001,7xRafouoS2J7SYgaURkJjx,232853,4,37,False
358,0.6890000000000001,0.419,5,-7.59,1,0.0327,0.773,0.000207,0.10800000000000001,0.40299999999999997,94.03399999999999,66JW6e9yEE8A0Y3pLpW6iD,189000,4,56,False
359,0.7390000000000001,0.966,4,-5.867000000000001,1,0.0566,0.0010199999999999999,0.00727,0.0638,0.37799999999999995,114.208,38gAlHeR2U1ptn4mPC1cal,405048,4,0,False
360,0.853,0.848,1,-5.102,1,0.0741,0.133,0.00316,0.13699999999999998,0.9329999999999999,145.079,4duwdgGjNHJc1uel4SZPya,240227,4,0,False
361,0.696,0.728,7,-6.937,1,0.034,0.743,0.0537,0.0835,0.963,124.09200000000001,0rsmlyJFeb3qiGxmD3jjEw,272547,4,1,False
362,0.662,0.71,10,-4.479,0,0.198,0.0978,0.61,0.109,0.39299999999999996,199.94099999999997,7e7pzSgy6vpqJW4iZC239Y,231920,4,0,False
363,0.7340000000000001,0.748,7,-5.643,0,0.0317,0.179,0.0018,0.14,0.7759999999999999,95.994,0fjCKNenDu2DBaMcIp3rXS,224827,4,30,False
364,0.609,0.9490000000000001,7,-4.195,1,0.10800000000000001,0.252,0.0,0.306,0.848,168.007,3Gc1LdChaPOVxFbGUuW8sq,248009,4,22,False
365,0.649,0.9520000000000001,0,-4.68,1,0.0403,0.161,0.958,0.126,0.972,101.993,4tjCdTEwREnFeaETEwmINN,237654,4,0,False
366,0.605,0.662,10,-6.992999999999999,1,0.0924,0.43200000000000005,0.0,0.11599999999999999,0.953,93.771,0m3hiKjI2QGSKxvG732Ekq,162360,4,56,False
367,0.8590000000000001,0.657,0,-5.455,1,0.0494,0.266,0.196,0.0857,0.8959999999999999,112.93299999999999,3JORxqvchEuFYyKuQbRv4V,196513,4,0,False
368,0.833,0.892,6,-8.293,1,0.109,0.0153,0.000106,0.34299999999999997,0.975,99.986,7gwDfgLHTlH0SnXKPPTvCj,234920,4,0,False
369,0.762,0.7809999999999999,8,-5.755,1,0.0358,0.19699999999999998,1.47e-05,0.35200000000000004,0.9,95.01700000000001,3FFmthb4kt71BVglTx78D9,197002,4,0,False
370,0.8109999999999999,0.48100000000000004,10,-7.587000000000001,1,0.0426,0.7440000000000001,6.12e-05,0.0659,0.89,87.46700000000001,6UYnSpITCrCWsmgjFwK3u0,227793,4,3,False
371,0.804,0.7490000000000001,0,-5.876,1,0.0775,0.0452,6.73e-05,0.185,0.865,98.031,1dq5ewYIsKa4CgiTmE43by,189400,4,35,False
372,0.826,0.624,11,-6.6979999999999995,1,0.0447,0.5589999999999999,0.0,0.083,0.8859999999999999,142.02700000000002,6OPXHnJY3NMn5Qr6K1Qqty,180413,4,0,False
373,0.649,0.365,3,-14.807,1,0.11599999999999999,0.815,0.0,0.11699999999999999,0.501,143.639,1CFpxBiLtcnBVIbnmAJCBk,214867,4,0,False
374,0.706,0.767,8,-7.125,1,0.0525,0.0463,0.0261,0.265,0.6809999999999999,105.99,42dfjFDLaDrWIjFZWzQrsm,258373,4,32,False
375,0.6990000000000001,0.509,2,-10.799000000000001,1,0.0429,0.0394,0.308,0.408,0.24100000000000002,101.969,2FbqjF37EfOmf4QCvs2Q0x,315494,4,0,False
376,0.677,0.9590000000000001,8,-10.251,1,0.0514,0.488,0.633,0.102,0.909,121.993,7fUr8EpRc0AC4MCPMVPIgI,354716,4,47,False
377,0.7020000000000001,0.813,0,-5.438,0,0.0288,0.365,0.000434,0.0787,0.889,139.993,0uRr2EBqlCu2CLa8LmQc2c,249853,4,45,False
378,0.8640000000000001,0.84,9,-6.565,1,0.045,0.0116,0.371,0.0482,0.564,120.0,4lPt2Wyz2u92f6BC8gb93O,233453,4,0,False
379,0.752,0.6629999999999999,1,-8.227,0,0.0601,0.0161,0.0822,0.0882,0.7609999999999999,79.99600000000001,0Gckfc7dNN6ZvBzIaUMYFf,217733,4,0,False
380,0.691,0.65,4,-10.967,0,0.0686,0.355,0.0801,0.19399999999999998,0.519,106.057,6Ghqj5i94yxy3uSAnpQljL,197480,4,3,False
381,0.7609999999999999,0.8859999999999999,5,-4.87,1,0.0398,0.376,0.0,0.0732,0.9359999999999999,101.37899999999999,0yE5Uqw60fj0pGpsvtDnDQ,209240,4,0,False
382,0.574,0.409,7,-11.133,1,0.139,0.214,0.556,0.0509,0.515,170.53799999999998,42gaDDxNCrQMkri7sQcqGq,224133,4,39,False
383,0.873,0.34600000000000003,9,-13.384,1,0.114,0.38799999999999996,0.0044,0.308,0.938,120.319,4fs7A0HgWe9guaNh3jPBFz,204213,4,0,False
384,0.8370000000000001,0.382,2,-10.725999999999999,1,0.052000000000000005,0.33,6.14e-05,0.127,0.56,139.042,5p3kVMB5spe9fY9CKNAiRm,197200,4,45,False
385,0.8340000000000001,0.537,11,-10.644,0,0.0834,0.0135,0.0,0.12300000000000001,0.8190000000000001,125.15799999999999,4WEdPzCYBPiUezETE0Y0pi,213547,4,42,False
386,0.742,0.45,0,-13.333,1,0.0569,0.604,0.0,0.107,0.9640000000000001,137.914,5jla2fhvErKAiUHG3fnRuv,228867,4,40,False
387,0.45,0.883,1,-5.209,0,0.45,0.0363,0.0,0.057,0.863,78.875,65gaRY87FjjrRUbTjq5Za9,221293,4,36,False
388,0.701,0.784,0,-7.212000000000001,1,0.204,0.128,0.0,0.0713,0.7120000000000001,145.249,605ZHoLZx7PtQ8fXgvN10K,278872,4,54,False
389,0.768,0.506,1,-12.434000000000001,1,0.11900000000000001,0.32799999999999996,0.17,0.196,0.92,82.71799999999999,33pEdVFa0Y8Kim3OGlb7di,154134,4,0,False
390,0.685,0.355,0,-11.467,1,0.182,0.48100000000000004,7.859999999999999e-05,0.141,0.826,146.311,0ZcAnKomaWTvC4K7SX68Wp,131240,4,0,False
391,0.825,0.433,5,-13.085,0,0.337,0.0585,0.0,0.0618,0.687,127.686,0GGPUysb8GpCG76dQH63te,200960,4,55,False
392,0.7240000000000001,0.39299999999999996,1,-12.809000000000001,0,0.27,0.313,0.0362,0.0484,0.787,150.067,5UDdz40BW59qquk43Ymjrx,310800,4,43,False
393,0.628,0.413,11,-9.902000000000001,0,0.0446,0.327,0.00329,0.175,0.5539999999999999,84.113,7uv8879PyyEr4xxwH1hj4K,128000,4,30,False
394,0.38799999999999996,0.297,5,-13.68,1,0.0721,0.693,0.19399999999999998,0.134,0.23199999999999998,139.784,2jQQJgvmr8fmTsWULa2pct,161133,4,36,False
395,0.79,0.228,8,-14.222000000000001,1,0.20600000000000002,0.214,0.496,0.311,0.62,87.613,466HPqJP2wrgOyI222XvPs,174160,4,0,False
396,0.48700000000000004,0.531,2,-6.379,1,0.0288,0.9329999999999999,5.19e-05,0.851,0.43799999999999994,135.08100000000002,3FfIjSsctnBSSdjhKjDQTS,187533,3,47,False
397,0.851,0.396,9,-16.489,0,0.384,0.637,0.0304,0.0996,0.8490000000000001,134.55200000000002,2WDHLTdKNxteFR6y7b9VI0,209345,4,0,False
398,0.7859999999999999,0.784,7,-4.9510000000000005,1,0.0608,0.452,0.0477,0.0791,0.812,91.053,7c6aYqL0jU6CLcb5TNBb3p,320280,4,37,False
399,0.654,0.511,0,-7.4910000000000005,1,0.083,0.0103,3.4e-06,0.21,0.7659999999999999,77.156,1XYxAISjDjGUclrHewEWKI,249157,4,0,False
400,0.813,0.612,9,-5.952999999999999,1,0.042,0.23399999999999999,0.000234,0.13699999999999998,0.9229999999999999,130.125,6J6x0vNxjgYB4BgacMeO28,253333,4,0,False
401,0.7559999999999999,0.546,9,-9.359,1,0.161,0.205,0.0,0.32899999999999996,0.9490000000000001,75.354,0GmOHn2XofRigQ4Eaqu6jQ,219133,4,43,False
402,0.629,0.713,8,-4.6419999999999995,1,0.037000000000000005,0.624,0.0,0.059000000000000004,0.982,146.265,28SKEi3NKRYoDO44vea0ws,176213,4,53,False
403,0.7509999999999999,0.55,0,-7.142,1,0.08900000000000001,0.009590000000000001,0.00148,0.0803,0.706,142.816,6aU8bv0pkwRX5eXlhyCiqQ,214627,4,0,False
404,0.885,0.146,1,-18.090999999999998,1,0.258,0.161,0.321,0.15,0.49700000000000005,132.74200000000002,65V07rC9ZIUvsPRCpIfVXo,180720,4,0,False
405,0.664,0.426,0,-12.234000000000002,1,0.184,0.0354,0.0368,0.067,0.523,78.73100000000001,0XHbsFYB6kdzujxZs5bVBj,209000,4,39,False
406,0.7879999999999999,0.33899999999999997,0,-8.532,1,0.0503,0.6,0.00644,0.102,0.7879999999999999,86.62700000000001,5yqaUh5wShQwb90Gm1LeP8,158000,4,0,False
407,0.777,0.494,6,-11.574000000000002,0,0.0821,0.068,0.0,0.14,0.8740000000000001,122.323,3c0VB4zRHksX7aUSJ5IXyG,228133,4,0,False
408,0.805,0.278,6,-17.504,0,0.047,0.00034500000000000004,0.675,0.0873,0.825,137.315,28xLykujcyIxFEGkFyNbvQ,459773,4,0,False
409,0.73,0.584,7,-7.441,1,0.0486,0.0238,0.0798,0.107,0.414,83.76899999999999,50QPOvKYebMWt8EBckwSyl,218680,4,40,False
410,0.836,0.531,5,-9.655,1,0.0501,0.237,0.292,0.0423,0.8809999999999999,133.447,1ClnSFcrgV9lxrWhNaFJGZ,203160,4,37,False
411,0.513,0.27399999999999997,4,-11.394,1,0.0286,0.835,0.0976,0.11,0.27899999999999997,76.372,5z0rixDlXqm0iXZ1Zxz3YX,220867,4,41,False
412,0.46799999999999997,0.182,0,-15.562000000000001,1,0.0401,0.8370000000000001,0.0132,0.0678,0.0382,155.102,3JD5xfa8pgJi0AzdRCRETW,223686,4,16,False
413,0.552,0.15,3,-16.746,1,0.0347,0.9740000000000001,0.731,0.0698,0.316,87.485,7BzhqmRj3iOZXqMHqiifHr,160240,4,0,False
414,0.495,0.434,2,-8.079,1,0.0313,0.897,0.000393,0.109,0.23,82.16,0YOOXnCJihgyluizqhAcrz,180400,4,54,False
415,0.35200000000000004,0.45,5,-9.881,1,0.0293,0.546,0.127,0.28300000000000003,0.114,86.93700000000001,1JxNWpK9xTWKRPoYTIX4Qk,274200,4,61,False
416,0.731,0.523,8,-8.731,1,0.0335,0.302,0.0020399999999999997,0.0672,0.8370000000000001,88.756,66olzBxCgKlpFRB1LKH5pO,224507,4,51,False
417,0.501,0.0305,7,-21.455,1,0.0417,0.903,0.00141,0.10800000000000001,0.675,89.721,2dFEB7VbBPZzhb2LqIBZbH,185293,4,0,False
418,0.5379999999999999,0.272,11,-10.783,1,0.0381,0.904,0.0006129999999999999,0.10800000000000001,0.316,118.382,3ASn2iE7F4HvA8XyRbJ4tS,203191,4,54,False
419,0.588,0.569,2,-8.044,1,0.0326,0.0302,0.0639,0.172,0.14300000000000002,154.989,53hXLQsByJC4B3UCNcmh0E,300547,4,0,False
420,0.5920000000000001,0.34,0,-11.314,1,0.0287,0.542,0.38,0.105,0.255,124.706,5dIGWhOYRiCAIMoDjimCAn,243973,4,0,False
421,0.484,0.75,2,-8.033,1,0.0417,0.47200000000000003,0.523,0.111,0.284,90.37700000000001,1t6zwEOPQUz9QIjlwZ5UGF,339293,4,44,False
422,0.282,0.456,0,-10.705,1,0.0333,0.773,0.00557,0.11,0.16899999999999998,127.975,4H8RGVaLYBL7uM0KTS50WK,217674,4,26,False
423,0.578,0.513,1,-9.868,0,0.0301,0.134,0.688,0.106,0.39799999999999996,162.015,4ouHnqx22lzTZHr2hEt5aH,232760,4,57,False
424,0.7390000000000001,0.55,10,-8.0,1,0.0346,0.669,0.000669,0.10400000000000001,0.667,124.882,5aO3PDi7cfVyqSbXSrSxfx,319773,4,30,True
425,0.556,0.765,7,-7.474,1,0.0319,0.135,0.732,0.149,0.499,125.72,6hBmL5yVbXDHSWX6GbuogP,290827,4,0,False
426,0.35,0.33399999999999996,9,-12.412,1,0.0323,0.945,0.703,0.273,0.131,91.59200000000001,5rP9Weh1uFtlyRGqnzyQnd,188040,4,56,False
427,0.619,0.284,3,-15.547,1,0.0286,0.938,0.774,0.12300000000000001,0.696,91.943,05qTeP4xG8KXoRhN2HdKjS,277507,4,50,False
428,0.631,0.682,5,-4.711,1,0.0283,0.782,2.52e-06,0.16,0.526,79.48100000000001,3YLjiKf34DECifehm1yauN,212227,4,27,False
429,0.61,0.401,1,-9.844,1,0.0345,0.708,0.0057,0.11,0.149,110.164,3jPiv3uw7BUSkhdOuxUxkq,170907,4,45,False
430,0.508,0.36200000000000004,0,-9.687999999999999,1,0.0262,0.738,0.000998,0.0922,0.32799999999999996,107.459,6CAG3rBGPTAinoqgVD7fBJ,202560,4,60,False
431,0.7140000000000001,0.306,6,-12.110999999999999,1,0.0388,0.726,0.168,0.0924,0.314,129.984,0ZNYGrmcehorhh9JOeg5Iv,266907,4,67,False
432,0.5820000000000001,0.401,2,-8.731,1,0.027999999999999997,0.9,0.5379999999999999,0.157,0.45,112.35700000000001,0URtGENIORu1ruWHbh27F7,238400,4,0,False
433,0.6679999999999999,0.36700000000000005,11,-11.002,1,0.0285,0.8909999999999999,0.00521,0.10300000000000001,0.342,110.21,6bmytjj9ePNgm9ALqs1Xa7,161907,4,0,False
434,0.331,0.28800000000000003,1,-11.067,1,0.0311,0.943,0.004529999999999999,0.0756,0.09699999999999999,130.752,5IPIpXq8znsSOybCsbd88v,374640,3,53,False
435,0.5589999999999999,0.413,7,-13.439,1,0.0338,0.8959999999999999,0.000601,0.133,0.336,131.174,3mnZ0JehmgDBzG0vHScCRH,226720,4,42,False
436,0.375,0.304,1,-14.52,1,0.0302,0.943,0.303,0.126,0.147,147.989,4fbvXwMTXPWaFyaMWUm9CR,336613,4,70,False
437,0.644,0.52,8,-8.583,1,0.063,0.267,0.0,0.36200000000000004,0.358,142.736,0hcWKHCgdvsBAHkbLCrwQN,245118,4,0,False
438,0.6409999999999999,0.168,2,-10.856,1,0.0591,0.4,0.0101,0.192,0.135,70.00399999999999,7M8jtZQTPhPK6EgwcOgujM,216080,4,34,False
439,0.597,0.267,2,-8.796,1,0.0309,0.7929999999999999,0.0014,0.111,0.24600000000000002,75.535,25J4d78ESH2MgAJoIakB8O,236720,4,54,False
440,0.506,0.602,11,-8.777999999999999,1,0.163,0.731,0.171,0.0745,0.696,110.602,7EN9HHkjySM5Eratx2zaMo,342375,3,0,False
441,0.419,0.233,4,-11.194,1,0.0317,0.361,0.00135,0.11,0.203,106.08,0jp1YFgWn67BtAVDZRaSqM,125945,4,52,False
442,0.55,0.377,4,-9.933,1,0.0254,0.442,0.0955,0.126,0.261,113.60799999999999,65tH2GPMFCt8JtM2PM3MiX,319787,4,54,False
443,0.514,0.263,8,-10.390999999999998,1,0.0388,0.847,0.000273,0.0806,0.162,139.958,1mwwueuXt5NPPtnJyswwA9,312360,4,25,False
444,0.462,0.244,3,-16.96,1,0.028999999999999998,0.951,0.17300000000000001,0.12,0.078,100.14200000000001,02iZJRlOZ7VRbzO8uVdOva,310733,4,46,False
445,0.36700000000000005,0.20800000000000002,4,-16.734,1,0.0363,0.629,0.0584,0.106,0.6629999999999999,172.358,2gUSIsapdX6jEJ0DvjqTt2,152627,4,0,False
446,0.299,0.11,0,-17.991,1,0.0428,0.873,0.0303,0.11699999999999999,0.261,166.58,4VcCAbIwuMaIFzokHrrebn,252227,3,0,False
447,0.51,0.581,0,-4.141,1,0.0266,0.723,0.0,0.0996,0.594,104.62200000000001,2s3cLlYJ45K02djaHIwxUu,239733,4,44,False
448,0.685,0.15,2,-20.543000000000003,1,0.039,0.797,0.0461,0.1,0.125,124.956,5Szn0p3DlnawyuhX8ULCg4,379520,4,0,False
449,0.64,0.226,4,-12.709000000000001,1,0.0271,0.805,0.0007059999999999999,0.121,0.31,96.98100000000001,7cRpjY0KWGmfZjcePxyGSl,220960,4,0,False
450,0.588,0.507,7,-8.15,1,0.0297,0.0521,0.722,0.188,0.515,128.041,1LAzF3sa7k3QrOKtpCVgLJ,222409,4,47,False
451,0.51,0.16,4,-21.03,1,0.0395,0.986,0.017,0.113,0.38299999999999995,170.063,4fpEuKIzTLmMJnYwFU0oqr,239508,4,63,False
452,0.488,0.48700000000000004,4,-6.371,1,0.0307,0.5770000000000001,0.0,0.193,0.217,77.344,5rZXBHUU2qz7huEckTwpqo,230267,4,11,False
453,0.39799999999999996,0.19699999999999998,7,-13.613,1,0.0298,0.122,0.0451,0.10800000000000001,0.129,97.93700000000001,5R9BaUKPIPBBadJSbB5knl,337640,4,25,False
454,0.46,0.604,2,-8.302999999999999,1,0.0591,0.8370000000000001,0.153,0.11900000000000001,0.664,78.54,4GrOV18KKdZnc3jcfvMDgk,293880,1,30,False
455,0.35200000000000004,0.254,0,-8.51,1,0.0473,0.8440000000000001,0.58,0.10800000000000001,0.102,79.98899999999999,7GDbkrFBGrCb8ntbQPY3hQ,236000,4,0,False
456,0.625,0.43200000000000005,2,-11.948,1,0.0283,0.633,0.00242,0.127,0.361,137.92600000000002,3G9ETaH55bMQx8hwNhAgbU,360933,4,67,False
457,0.36200000000000004,0.6679999999999999,2,-5.975,1,0.0431,0.035,0.0212,0.21899999999999997,0.344,113.99600000000001,4A57CXs3jAmyNTMAwWaV53,220867,4,0,False
458,0.5379999999999999,0.7190000000000001,0,-5.94,1,0.0348,0.136,0.000394,0.187,0.502,118.315,40ttk439NA9RvbLBJpJU1M,281101,4,54,False
459,0.317,0.162,5,-14.595999999999998,1,0.0608,0.958,4.6299999999999994e-05,0.111,0.256,169.304,30fUMnf2FI00EVTMRhOHhb,213473,4,0,False
460,0.519,0.0774,7,-23.593000000000004,0,0.0629,0.937,0.8859999999999999,0.107,0.353,135.245,7BhZDvzJV21Dd5bY9xvtII,141200,3,0,False
461,0.583,0.379,5,-11.224,1,0.0284,0.961,0.0125,0.14400000000000002,0.14400000000000002,125.26700000000001,3QVmVa40Q82OupvrhhVgPL,280773,4,0,False
462,0.484,0.381,10,-10.732000000000001,1,0.0625,0.74,1.4e-06,0.111,0.29600000000000004,118.56700000000001,5szmwG86IFASvYrca21MEz,229667,4,47,False
463,0.54,0.33299999999999996,0,-10.738,1,0.0349,0.6920000000000001,0.436,0.10800000000000001,0.24600000000000002,137.674,0GBcfTDD4OjGTGeVVgFl8v,362613,4,51,False
464,0.509,0.349,4,-10.093,1,0.0411,0.633,3.6000000000000003e-06,0.0877,0.106,84.303,4rzWrb9KT2v71cyuHhcbJY,219853,4,27,False
465,0.57,0.7859999999999999,8,-7.997000000000001,1,0.0323,0.0135,0.746,0.0851,0.705,90.266,1szpo9PP7E2744kTFNK3HU,267040,4,0,False
466,0.642,0.462,1,-8.026,1,0.0294,0.821,2.55e-06,0.106,0.484,130.018,7fArBkBSsaUF5mOcpTL56I,148867,4,0,False
467,0.314,0.308,0,-9.117,1,0.0283,0.8540000000000001,0.0117,0.0993,0.0947,99.214,6kzi5LTg5uECin8pC34nxV,217120,4,0,False
468,0.713,0.319,0,-11.099,1,0.027999999999999997,0.81,5.71e-06,0.142,0.47200000000000003,94.04299999999999,6wDKGtbPpF9xPMRv7bswQN,247933,4,0,False
469,0.33799999999999997,0.317,0,-13.835,1,0.0463,0.736,0.000466,0.12,0.466,92.413,2Imlbw05FhPRzWNyS2tokZ,261680,4,0,False
470,0.332,0.297,11,-8.244,1,0.0497,0.904,0.000126,0.222,0.0396,85.245,240ElV9j5kjT14OR8RPMoZ,283173,5,0,False
471,0.47600000000000003,0.478,11,-11.765999999999998,1,0.0395,0.779,0.11699999999999999,0.10300000000000001,0.489,89.06,7is9tMXN65NMBWAVI36ajW,259080,4,0,False
472,0.685,0.645,0,-6.73,1,0.0256,0.182,0.00532,0.138,0.461,119.936,4gNErDjikE9QUQvkkqoB1S,242347,4,54,False
473,0.588,0.529,2,-7.837999999999999,1,0.0242,0.534,0.0683,0.126,0.591,95.971,6qsArsTq6WoqtUFUe1e15W,237933,4,46,False
474,0.348,0.627,3,-6.6739999999999995,1,0.0317,0.799,0.0129,0.0976,0.377,130.089,7C9qM17pJCJi1hiFERWjm6,245547,4,0,False
475,0.61,0.6829999999999999,9,-13.607000000000001,1,0.0347,0.374,0.21,0.247,0.8540000000000001,86.33,0wy9UHwhV8o78L3F17WuDF,257453,4,0,False
476,0.7559999999999999,0.28,5,-14.27,1,0.0296,0.616,0.00033,0.414,0.695,109.413,4wd09wCccmxUB7XVJp0RNn,231000,4,65,False
477,0.484,0.731,1,-6.694,1,0.0379,0.431,0.0,0.151,0.51,101.654,1KqlVt63Q4bl1VdSlymr5C,204280,4,57,False
478,0.536,0.489,4,-7.669,1,0.0319,0.74,0.0,0.0948,0.364,104.598,2OTovEYN1lx57YfLEe4ylM,219893,4,0,False
479,0.395,0.823,1,-4.42,1,0.0404,0.046,9.38e-06,0.23399999999999999,0.632,126.38,5HIfxhZRZp6BPpsz4wCKq9,262867,4,45,False
480,0.46299999999999997,0.368,9,-11.546,1,0.048,0.376,0.0,0.149,0.75,141.974,0up48KQvGzMCrgqrfT07i2,179960,4,0,False
481,0.38799999999999996,0.595,1,-9.799,1,0.0325,0.6629999999999999,5.5799999999999994e-05,0.17800000000000002,0.596,190.043,08cXy6KUizaAelYXtcew3w,204213,4,60,False
482,0.627,0.623,0,-6.6129999999999995,1,0.0267,0.0476,1.09e-06,0.149,0.45399999999999996,147.983,4UXSYJDEgOlMX3MXVkaiyH,241613,4,49,False
483,0.581,0.778,11,-7.186,1,0.03,0.12,0.0027199999999999998,0.0827,0.914,133.89700000000002,23A4WepE6mwaOXFyxWhQpk,235427,4,0,False
484,0.462,0.29600000000000004,2,-14.687999999999999,0,0.0343,0.831,0.0,0.135,0.7859999999999999,97.31299999999999,7A2eHwcnRqegUGWov2K3P5,146480,4,0,False
485,0.557,0.629,1,-6.434,1,0.0291,0.479,2.44e-06,0.12,0.5329999999999999,77.515,7vWSEWnBtWb48R7gJ6qngk,200187,4,35,False
486,0.617,0.433,7,-9.452,1,0.0288,0.6890000000000001,0.254,0.11699999999999999,0.308,109.979,0FrCdLSwmmmu3iUxfj2VbZ,290147,4,37,False
487,0.738,0.366,5,-10.231,0,0.0324,0.825,2.6899999999999997e-05,0.11800000000000001,0.507,101.031,37cKyb3sDEt5hRSpBdsrns,157800,4,0,False
488,0.585,0.779,11,-5.083,1,0.0269,0.0827,1.77e-06,0.151,0.58,118.015,19n9s9SfnLtwPEODqk8KCT,271187,4,53,False
489,0.505,0.24600000000000002,10,-11.83,1,0.0289,0.9009999999999999,5.9699999999999994e-05,0.12300000000000001,0.191,135.572,6W7zX8xAOiavFzdxKT0E8I,204120,4,34,False
490,0.5760000000000001,0.302,7,-12.437000000000001,0,0.0424,0.905,2.42e-05,0.113,0.22399999999999998,76.033,7tkOm1ZNcIg4lKu0XCQgCq,202677,4,59,False
491,0.5529999999999999,0.146,0,-13.42,1,0.043,0.713,0.0,0.11,0.24100000000000002,120.961,6ro2Oa7i6jfMMTETNla1Ha,218760,4,60,False
492,0.415,0.11,1,-14.901,1,0.0388,0.951,0.00234,0.0962,0.23399999999999999,81.876,0bZ52QzCCKfrfOqs7za6lI,240147,4,63,False
493,0.5579999999999999,0.23199999999999998,0,-11.92,1,0.0292,0.8690000000000001,7.11e-06,0.124,0.187,129.505,1HHFwFLJkGLe0tYS2i17gV,270106,3,44,False
494,0.67,0.32,4,-12.205,0,0.03,0.856,0.00035099999999999997,0.0972,0.341,127.04299999999999,0gAwAydedOU8XQv3ZeXIAY,237697,4,42,False
495,0.618,0.5579999999999999,5,-8.184,1,0.0251,0.604,0.395,0.124,0.336,111.709,2ehQ2UuXplkqly0XBBAPud,309072,4,60,False
496,0.585,0.252,5,-14.092,1,0.036000000000000004,0.85,0.00247,0.0969,0.301,136.667,4vSkrhpwJ6krXg1oaZAaz9,308038,4,47,False
497,0.527,0.22399999999999998,4,-13.415,1,0.0309,0.9570000000000001,0.0201,0.0932,0.22699999999999998,113.844,4bHIsdXLSWWONWKv15L5YT,191606,3,44,False
498,0.687,0.23399999999999999,9,-12.559000000000001,1,0.028999999999999998,0.848,7.72e-06,0.11599999999999999,0.33899999999999997,95.023,2J2oWsC3KGoqdUMIwcMRMU,155352,4,60,False
499,0.396,0.198,2,-9.096,1,0.031,0.912,0.0,0.0972,0.19,138.624,0a1Jael2mnrkLTyPetixjh,235587,3,0,False
500,0.6829999999999999,0.19699999999999998,5,-11.969000000000001,1,0.0469,0.8740000000000001,0.0010400000000000001,0.0967,0.379,118.275,5imyK8dza7bwb6TNDFxCmQ,218147,3,40,False
501,0.523,0.10800000000000001,2,-12.895,1,0.0357,0.937,1.27e-06,0.14300000000000002,0.33399999999999996,147.524,0gEOycr5Mb2WJaqZwcIyjn,228627,4,0,False
502,0.308,0.0564,9,-19.039,0,0.0424,0.97,0.00889,0.0634,0.106,93.07600000000001,7w7X5rwDFXwHSqlxtsljP7,313520,1,55,False
503,0.6759999999999999,0.198,1,-13.91,1,0.0333,0.943,0.0132,0.10400000000000001,0.125,118.00399999999999,2QlPMIhutG3WHV26Eza8u9,206440,4,64,False
504,0.384,0.366,7,-10.65,1,0.0329,0.371,9.17e-05,0.10099999999999999,0.19899999999999998,138.134,0QYgtwYCftkAqunXmvkZtr,261370,4,58,False
505,0.491,0.0811,5,-17.585,1,0.0573,0.98,7.35e-05,0.35,0.145,133.417,6uEZzme2jpltgdv2QDRVGb,200773,4,0,False
506,0.444,0.17300000000000001,1,-13.475999999999999,1,0.0505,0.937,9.03e-06,0.11699999999999999,0.488,154.857,4T8spb01abMb7algXprCBF,157440,4,48,False
507,0.266,0.376,4,-9.14,1,0.0315,0.893,5.54e-06,0.139,0.265,160.289,6dvatfTLfYEI2JFlMVWcaG,199760,4,30,False
508,0.522,0.256,10,-11.216,1,0.0258,0.86,0.000825,0.142,0.13,76.35,4PuUa8e5s7P3Zv1IdCGIsa,296387,4,65,False
509,0.257,0.23399999999999999,9,-14.293,0,0.0339,0.988,0.7809999999999999,0.131,0.184,127.569,2iaCmSxMtHFwRNYEB84oYN,169893,3,0,False
510,0.621,0.21899999999999997,0,-11.305,1,0.0381,0.89,1.4000000000000001e-05,0.111,0.253,120.495,5KkoM9rbevlWf8EePOrwfS,195846,3,50,False
511,0.628,0.248,1,-13.304,1,0.032,0.8140000000000001,0.0602,0.111,0.6459999999999999,125.29799999999999,5kOBEsqVNwi4udPRbagNIV,170217,4,66,False
512,0.545,0.24600000000000002,9,-11.65,1,0.0302,0.696,0.00463,0.136,0.0986,110.1,2Hf4lbVibsJo6u6cFAxwdQ,232800,4,58,False
513,0.32899999999999996,0.16699999999999998,0,-13.103,1,0.0296,0.9129999999999999,9.559999999999999e-05,0.0921,0.0995,74.17399999999999,08YEGpKt2LHJ0URCXKHEie,219227,4,58,False
514,0.708,0.153,1,-14.594000000000001,1,0.0489,0.892,8.67e-06,0.11199999999999999,0.45,110.95100000000001,1SjjLslk4Ov9IqCE3G8nID,216253,4,49,False
515,0.555,0.43,2,-9.105,1,0.0295,0.462,0.00019099999999999998,0.0869,0.27399999999999997,147.613,6ET9kf9riLETWs9lePUEAI,246133,4,69,False
516,0.568,0.19899999999999998,2,-9.901,1,0.0344,0.9129999999999999,0.0,0.102,0.11900000000000001,111.505,0ASxT4QwjJ66HNupoLDsTL,247668,4,14,False
517,0.575,0.376,2,-7.852,1,0.0335,0.833,0.001,0.11699999999999999,0.11800000000000001,117.90299999999999,524qSMeqJC7vmVGUTNNtCh,238267,4,27,False
518,0.34,0.209,0,-11.869000000000002,1,0.0279,0.679,0.000443,0.10099999999999999,0.151,137.042,6EIVLz5xM1xE29r0OmIkWt,244133,4,64,False
519,0.41700000000000004,0.145,7,-13.462,1,0.0932,0.907,4.47e-06,0.138,0.23399999999999999,82.663,5nuuLcmSmN19r4u5jO348r,214547,4,36,False
520,0.342,0.2,4,-13.569,1,0.0324,0.134,0.000153,0.341,0.0743,133.113,4B2lJinAkeNLSJjcq3dg8Q,286653,4,56,False
521,0.561,0.652,10,-11.094000000000001,1,0.0375,0.617,0.0019399999999999999,0.183,0.469,88.431,2kfzVzDVqCBXjI3iohwdtg,213927,4,41,False
522,0.642,0.583,1,-8.047,1,0.0329,0.46399999999999997,0.00539,0.375,0.36200000000000004,152.02700000000002,2WDY2kjGeNmhb8UwKmixJi,201937,4,51,False
523,0.583,0.171,2,-12.697000000000001,0,0.031,0.8640000000000001,9.4e-06,0.262,0.23800000000000002,112.41,0XLfZsD45c6zoI7uoFzStJ,249213,4,23,False
524,0.294,0.0598,11,-13.03,1,0.0365,0.941,0.0,0.14400000000000002,0.254,82.088,2UJ9eh4cex6ulccBrskJXd,212212,4,50,False
525,0.41600000000000004,0.47100000000000003,11,-8.69,0,0.0274,0.5710000000000001,3.22e-06,0.0984,0.366,138.601,4IEQtgcG6Iq8mIBVFRK8Mk,266242,4,0,False
526,0.266,0.542,10,-9.279,1,0.0269,0.0686,0.0986,0.107,0.42200000000000004,171.91099999999997,2Ya8w4Bc46kcFJiCTWyPn9,265367,3,37,False
527,0.47700000000000004,0.0785,1,-18.083,1,0.0367,0.9570000000000001,0.00302,0.0703,0.192,109.48200000000001,0NSqOUjf55rgVEqN7e9fhb,202720,5,51,False
528,0.529,0.31,10,-12.159,1,0.0388,0.9279999999999999,0.514,0.102,0.73,177.972,19jTCAxeVnkwKnWHSsdg0i,136000,4,53,False
529,0.332,0.212,7,-14.79,1,0.0296,0.953,0.596,0.11,0.146,106.90100000000001,30yJQQCrgPsoIMd8qYRrVo,220333,3,23,False
530,0.28800000000000003,0.287,4,-14.772,1,0.0617,0.9390000000000001,1.11e-05,0.684,0.29,78.51,0fTTCDoxg2bWgp02ANyRwo,255000,3,34,False
531,0.373,0.198,7,-9.315,1,0.0294,0.937,9.31e-05,0.11699999999999999,0.10300000000000001,88.056,3PXbcti7P1ZekivSWu48A3,242562,4,53,False
532,0.284,0.111,7,-13.929,1,0.0322,0.937,0.000286,0.113,0.0546,81.368,5kzRUNI7QprMwFFhHuNd8t,255722,4,24,False
533,0.27699999999999997,0.21600000000000003,2,-10.87,0,0.0309,0.9420000000000001,0.00828,0.11699999999999999,0.106,76.469,1B8VfDUVMJnUdonnGA5h1P,372527,4,43,False
534,0.496,0.469,7,-6.619,1,0.0352,0.366,0.0,0.133,0.259,137.833,6SKThyaFX1OQKL4CmOmvO6,237680,4,36,False
535,0.49700000000000005,0.44,0,-4.876,1,0.0262,0.0321,0.0,0.0799,0.27,134.02200000000002,0fNyvb7q10dKobpb3PruR6,282747,3,15,False
536,0.49200000000000005,0.174,2,-9.876,1,0.0325,0.895,1.75e-05,0.12,0.145,97.94,5FyIdEQlJrdX312hc7GqJk,220667,4,11,False
537,0.6809999999999999,0.47,3,-8.756,1,0.0308,0.38799999999999996,1.01e-06,0.149,0.578,109.178,6ggmsDhohB5IxtLhjsT3oP,238361,4,0,False
538,0.608,0.5820000000000001,9,-9.734,1,0.0355,0.725,0.0,0.0854,0.9520000000000001,127.29700000000001,52HAHV1j93s5B8GoTNI7DJ,176933,4,62,False
539,0.6609999999999999,0.517,7,-8.004,1,0.0269,0.267,0.00015800000000000002,0.431,0.6759999999999999,104.56299999999999,5rDkA2TFOImbiVenmnE9r4,155707,4,60,False
540,0.6679999999999999,0.722,2,-11.640999999999998,1,0.0283,0.121,0.00662,0.345,0.9690000000000001,143.547,4VK3MDt1FAP101D0mnFJkz,169680,4,0,False
541,0.649,0.618,9,-10.728,1,0.0265,0.596,1.46e-06,0.192,0.667,114.68799999999999,6r20M5DWYdIoCDmDViBxuz,210267,4,68,False
542,0.473,0.376,10,-4.723,1,0.0282,0.7759999999999999,0.0,0.163,0.5379999999999999,111.213,5U2uhwJseYO7eH5nEwPb8z,169474,4,0,False
543,0.562,0.5429999999999999,0,-7.635,1,0.0258,0.012,0.0005070000000000001,0.34299999999999997,0.5720000000000001,113.022,0R3gqx7lNCJqR85aAIVRO5,161691,4,46,False
544,0.545,0.7140000000000001,2,-5.659,1,0.0562,0.675,2.52e-06,0.121,0.9520000000000001,94.78399999999999,3htVOUt4zoFthJhqtJMGTo,119600,4,59,False
545,0.687,0.64,2,-7.7989999999999995,1,0.0515,0.523,1.32e-06,0.327,0.97,84.969,6VqC5gNL532RfgdlGzNAv0,151493,4,42,False
546,0.508,0.18899999999999997,10,-13.190999999999999,1,0.0356,0.8959999999999999,0.000524,0.0793,0.444,104.86,4DuBNU1r50XEv4dvsrQcpY,162133,3,0,False
547,0.604,0.816,7,-7.15,1,0.0456,0.431,0.0005549999999999999,0.165,0.976,128.89600000000002,07zToRJlr6YYaDNL70CFz8,161773,4,0,False
548,0.48200000000000004,0.8490000000000001,2,-9.198,1,0.0452,0.6409999999999999,7.74e-06,0.0414,0.937,124.631,5ZBeML7Lf3FMEVviTyvi8l,155227,4,74,False
549,0.54,0.8740000000000001,10,-6.099,1,0.0706,0.7809999999999999,0.00031099999999999997,0.32299999999999995,0.9690000000000001,166.54,2XGHdmjsumZRkaL8LhBb1e,161293,4,0,False
550,0.6629999999999999,0.821,5,-5.797999999999999,1,0.161,0.153,0.0,0.0952,0.83,167.976,2McHF33C9Tx4lfwKBefE4n,151573,3,37,False
551,0.516,0.809,0,-6.419,1,0.0545,0.787,0.000331,0.303,0.9390000000000001,75.09899999999999,2aEeghgUcnu75tzcolFMfs,126960,4,65,False
552,0.635,0.672,10,-6.787999999999999,0,0.0637,0.314,5.03e-06,0.0688,0.895,166.903,6pyex9B1kBoRIuabBAc4m8,155333,4,63,False
553,0.6679999999999999,0.5579999999999999,9,-9.378,1,0.0422,0.424,3.07e-06,0.293,0.909,175.545,727Ric7BCNuahIETyOALEU,161253,3,33,False
554,0.491,0.8009999999999999,4,-9.835,1,0.0361,0.27,0.0,0.0665,0.971,160.109,3KiexfmhxHvG5IgAElmTkd,173947,4,70,False
555,0.55,0.8079999999999999,0,-4.697,1,0.0542,0.0028899999999999998,8.18e-05,0.0706,0.67,169.61,7lcCLXghOHf8xERQ9BkS3n,184160,4,37,False
556,0.74,0.392,9,-11.995999999999999,1,0.0824,0.483,1.11e-06,0.0965,0.387,82.742,2nwCO1PqpvyoFIvq3Vrj8N,166008,4,68,False
557,0.304,0.519,3,-10.889000000000001,1,0.0304,0.574,0.0,0.18100000000000002,0.8140000000000001,138.434,0LFtYzQb0xflHSlu00pO0S,122546,4,31,False
558,0.594,0.6759999999999999,5,-9.552,1,0.0528,0.0267,0.00541,0.905,0.898,110.71,5O6mz4qn6q7MSKubAzRnDW,162907,4,45,False
559,0.7290000000000001,0.205,3,-14.853,1,0.0385,0.43200000000000005,0.0,0.08199999999999999,0.5760000000000001,135.429,6XJvB9UZYiJiUh8gWGWfXd,129040,4,0,False
560,0.584,0.33399999999999996,1,-12.606,0,0.0263,0.847,0.0,0.16399999999999998,0.637,103.64299999999999,6Et30R1GtviOIDU7wYYyxp,139987,4,0,False
561,0.674,0.537,1,-10.970999999999998,0,0.0363,0.5660000000000001,0.0,0.131,0.809,110.57799999999999,5fdhThPDe6jQQDqCyWrdAn,161533,4,67,False
562,0.353,0.6559999999999999,0,-7.982,1,0.0329,0.741,2.14e-05,0.134,0.555,161.749,6wf3byMXyJezUtcZb9Zcjh,175026,4,0,False
563,0.552,0.644,9,-9.129,1,0.0372,0.675,0.0,0.36,0.961,122.546,6wfK1R6FoLpmUA9lk5ll4T,154160,4,54,False
564,0.795,0.462,1,-9.47,1,0.0461,0.111,3.77e-06,0.115,0.9179999999999999,114.42299999999999,7ufWsDlJQTp22tQtOta9lg,136453,3,33,False
565,0.579,0.851,7,-9.921,1,0.156,0.721,3.68e-06,0.239,0.898,157.607,3OvsO3zxU1pMyPNpDtu4pz,163067,4,0,False
566,0.799,0.6459999999999999,1,-12.579,0,0.146,0.354,8.41e-06,0.292,0.763,89.85799999999999,2XBsQSZqHPPAtZpRG6TvIm,132027,4,44,False
567,0.522,0.9009999999999999,4,-8.549,1,0.0479,0.535,8.47e-06,0.17600000000000002,0.9159999999999999,166.886,3QUGcs2wxh0hs1cpQYejSf,131200,4,53,False
568,0.599,0.915,1,-7.965,0,0.0459,0.00428,0.00412,0.0968,0.51,100.065,2P9jli0qvqELOihPbVN9Og,153548,4,40,False
569,0.726,0.474,1,-7.834,0,0.0491,0.8029999999999999,0.0,0.258,0.57,116.027,0AQquaENerGps8BQmbPw14,235733,4,68,False
570,0.68,0.675,2,-7.997999999999999,1,0.191,0.772,0.0,0.069,0.805,84.96700000000001,4zzXm1QJQXWLyUfFhWZBRg,122867,4,62,False
571,0.58,0.444,0,-10.056000000000001,0,0.0724,0.574,0.0,0.0463,0.963,185.15599999999998,2vXk7PcNLLXsdnVaoMxzTj,143427,4,1,False
572,0.32899999999999996,0.948,7,-5.599,0,0.281,0.6,0.0029100000000000003,0.9640000000000001,0.6940000000000001,194.618,6vR4LDbi4H6iwC3YDUL6jT,109987,5,0,False
573,0.34299999999999997,0.884,5,-4.123,0,0.129,0.62,0.0006730000000000001,0.49700000000000005,0.94,177.75099999999998,0JOw67rq2X6NDz5AJP9uIG,133293,4,59,False
574,0.7090000000000001,0.62,2,-9.382,1,0.034,0.318,0.0,0.0426,0.9359999999999999,93.723,11fNLqDB47gMKj7BHhR2Qr,123520,4,62,False
575,0.52,0.8290000000000001,0,-6.228,1,0.0806,0.386,6.2e-05,0.22699999999999998,0.7440000000000001,147.997,3VbGCXWRiouAq8VyMYN2MI,141693,4,68,False
576,0.593,0.5920000000000001,9,-9.269,1,0.0421,0.414,0.0,0.271,0.813,126.758,4AaHCzwKBltFBqp9ngboWU,154227,3,0,False
577,0.401,0.498,4,-10.682,1,0.0757,0.39399999999999996,0.0,0.13,0.816,181.701,7odHgoLFi3GQ90E9PeraI3,149160,4,62,False
578,0.586,0.935,4,-9.386000000000001,0,0.0482,0.000155,0.27699999999999997,0.159,0.58,114.99700000000001,4l2hnfUx0esSbITQa7iJt0,211173,4,0,False
579,0.633,0.716,9,-8.146,1,0.0426,0.797,5.73e-06,0.0999,0.77,80.865,3wbZ4SLakqTZqV76czDeuZ,125773,3,42,False
580,0.687,0.773,9,-4.623,1,0.0349,0.275,0.0,0.33,0.9670000000000001,129.158,4LQrKasVYrBHM661Bjq47i,121333,4,0,False
581,0.696,0.289,4,-8.684,1,0.0616,0.831,1.16e-06,0.105,0.731,93.346,7v1GxlbFevo4kLJGZf8aAZ,129253,4,36,False
582,0.35100000000000003,0.7490000000000001,2,-9.435,1,0.0628,0.289,0.0,0.0952,0.9670000000000001,160.673,3idqWaBn3mRdsIodCU6uBi,165467,4,59,False
583,0.385,0.535,6,-8.918,1,0.0928,0.556,1.8000000000000001e-06,0.079,0.85,173.41299999999998,0QlHvmgHQ66FFaSbKkVYJM,139800,4,0,False
584,0.586,0.7709999999999999,7,-7.35,1,0.159,0.0229,5.93e-06,0.19899999999999998,0.818,141.684,5X4RBTKTA0FENrLxHUfZkr,137920,4,29,False
585,0.525,0.625,9,-7.189,1,0.0482,0.0805,0.0,0.312,0.517,126.807,2JN0eElE3BnGsrbsyvzEhO,206729,4,31,False
586,0.72,0.28300000000000003,7,-12.0,1,0.0429,0.867,0.0,0.10300000000000001,0.562,114.56299999999999,3KSMRPYQq1dX2qUIXniM4N,183213,4,0,False
587,0.4,0.838,1,-7.777,0,0.067,0.529,4.8e-05,0.0818,0.907,186.99099999999999,17QYQzl9Ssy9WRJSfjFXIe,119733,4,38,False
588,0.373,0.38799999999999996,9,-9.31,1,0.0337,0.525,0.0,0.267,0.687,77.643,7rgUYidQh5tH0YlXCoKaYJ,181347,4,58,False
589,0.49,0.579,1,-10.300999999999998,0,0.0344,0.217,0.0,0.0644,0.879,119.40299999999999,5tztLBvTlNC15Np2tnQ5Ll,122573,4,58,False
590,0.638,0.865,9,-5.263,1,0.0692,0.23,1.9399999999999997e-05,0.27,0.789,135.798,13QLwPqwFz6ArW0Mvo689t,196280,4,0,False
