,danceability,energy,key,loudness,mode,speechiness,acousticness,instrumentalness,liveness,valence,tempo,id,duration_ms,time_signature
0,0.825,0.828,8,-4.887,1,0.139,0.272,0.0,0.053,0.744,115.045,571Jz87ytvwTv205mToeaG,84156,4
1,0.824,0.588,6,-6.4,0,0.0924,0.692,0.000104,0.149,0.513,98.027,2XU0oxnq2qxCpomAAuJY8K,209438,4
2,0.376,0.43,0,-6.585,0,0.0328,0.0902,0.0,0.0912,0.129,77.599,4Yxc55NX3tAXC2mHRAhtcW,177323,3
3,0.76,0.607,7,-6.274,1,0.0964,0.00277,0.0,0.132,0.709,105.979,463PQggkmk5tTw8ug0ahOX,188187,4
4,0.793,0.715,2,-4.514,1,0.0387,0.0677,0.000109,0.116,0.945,110.925,3g3hE3WICIm03TSO4AUxfZ,187040,4
5,0.752,0.794,11,-5.469,0,0.0641,0.0515,1.08e-06,0.0625,0.82,123.987,02CNxEPvl0KhM3a0DL6MS5,184000,4
6,0.847,0.678,9,-8.635,1,0.109,0.0669,0.0,0.274,0.811,97.984,2KKijf6Ett4kmVNJze2roh,200594,4
7,0.716,0.945,1,-3.414,0,0.0511,0.00219,0.0,0.302,0.763,123.009,2GcdfWGil49CTVzkOuvoNa,184466,4
8,0.747,0.612,9,-5.658,1,0.0819,0.101,0.0,0.459,0.783,106.114,0ZjmrnH5Uh4WD1L29NTcUs,221480,4
9,0.7,0.453,7,-7.234,0,0.03,0.134,3.87e-05,0.274,0.236,126.483,0zgYADHtKBRxMYqsjCu3hm,185093,4
10,0.73,0.595,3,-6.582,1,0.0622,0.365,0.0,0.0655,0.698,112.355,55J4JL8TPPeId91ScTt3bv,171038,3
11,0.323,0.405,10,-8.533,0,0.0413,0.849,0.000544,0.138,0.274,145.104,3Z0oQ8r78OUaHvGPiDBR3W,194848,5
12,0.606,0.775,0,-5.667,1,0.0533,0.008,3.97e-06,0.125,0.867,171.001,0e5xc0NhC8ijMtVlH3LHl8,180666,4
13,0.658,0.82,0,-5.825,1,0.0674,0.00816,0.0,0.0839,0.697,112.938,4sQmCQUZcnBPaVm4dEUKv7,237400,4
14,0.783,0.912,0,-3.713,1,0.243,0.0238,0.0,0.339,0.749,98.025,3DXdjHnePKnh6oXw2ZgGSl,166898,4
15,0.879,0.748,8,-6.489,0,0.071,0.108,0.0,0.111,0.935,113.989,6PSN0NJHzkCmNWGpF6yDsj,123412,4
16,0.572,0.58,1,-7.208,0,0.0303,0.424,0.0,0.167,0.697,95.242,1lQcqcLvcyK5Xid5QplZdl,176396,4
17,0.788,0.745,10,-3.903,1,0.0615,0.0252,5.52e-06,0.0943,0.964,104.969,2gVLpzfM3ZiSXZY8fFgW2a,203520,4
18,0.601,0.809,0,-4.814,1,0.0441,0.00763,0.0757,0.145,0.249,167.96,7BrsBU0BAytRDvROM4yCbn,187147,4
19,0.791,0.652,0,-6.779,1,0.0395,0.712,0.0,0.0875,0.816,147.933,1w8WFf0FCkCNilBWGQVbUz,165280,4
20,0.85,0.459,3,-8.481,1,0.0347,0.133,0.0,0.0878,0.531,121.017,4RAF64YURKKHb496MxwTAL,210248,4
21,0.705,0.734,7,-4.526,1,0.0553,0.026,0.0,0.158,0.454,117.962,68Q2XfjYwOTdIlLhnfeXib,189870,4
22,0.723,0.52,1,-5.056,1,0.03,0.321,0.0,0.0842,0.479,90.008,5yWMUpEDKejiVvocQiqA1y,166672,4
23,0.652,0.757,1,-6.819,1,0.153,0.286,0.0,0.0886,0.962,159.911,6NPVjNh8Jhru9xOmyQigds,233305,4
24,0.696,0.541,7,-6.241,0,0.0382,0.358,0.0,0.198,0.683,77.035,7LZXuhXXN03F1ndyQOzAZt,117320,4
25,0.739,0.434,6,-4.287,1,0.0641,0.0131,0.0,0.14,0.606,150.032,4utYKwdaNIxbRUQ1XBE0Eb,200737,4
26,0.596,0.606,4,-6.453,0,0.052,0.12,0.0,0.0782,0.347,165.86,2mqrs0rKVfldonic7ypVWh,192133,4
27,0.566,0.543,5,-4.485,1,0.0314,0.613,0.0,0.106,0.299,89.937,4Xbotg4PCLJw9cDx2dtZLK,209965,4
28,0.755,0.786,2,-7.002,1,0.0326,0.53,0.000548,0.156,0.873,127.987,3Jui3TOVXgDCYeVa3sS28C,176267,4
29,0.786,0.83,7,-7.23,1,0.128,0.0939,0.0,0.118,0.933,131.0,1u6EFa4RLVRYH23FUsKe6B,156843,4
30,0.698,0.893,7,-3.402,1,0.143,0.0482,0.0,0.0756,0.931,79.997,1p52mBoILwvouXvCie1c3q,208600,4
31,0.936,0.49,0,-8.999,1,0.248,0.266,0.0949,0.199,0.644,98.94,2cM51OR8phKliFlV3Expx7,103507,4
32,0.804,0.895,2,-5.853,1,0.0351,0.00204,6.4e-06,0.264,0.835,119.968,1JiTWss0EJ3u084OucEvMS,168097,4
33,0.756,0.609,9,-3.579,0,0.0316,0.0825,0.0,0.19,0.869,117.052,5i9RzQa9BPRDZR7qHuiey1,190940,4
34,0.705,0.609,1,-4.897,1,0.0307,0.0257,0.0,0.0846,0.476,115.474,1N3dZ7TTWO6VcD4Y3hHYLZ,196853,4
35,0.803,0.701,9,-5.321,1,0.0742,0.189,0.0,0.231,0.805,128.969,69OnePtJae8GBBJ884fU86,221628,4
36,0.843,0.893,6,-5.653,0,0.126,0.106,0.0,0.32,0.649,116.302,1RIYF8NDIIWBvJe4vhQr6y,189868,4
37,0.884,0.487,2,-10.368,1,0.0858,0.0907,0.0,0.11,0.964,111.026,509ueN1ioukx3BItZh1oBD,193504,4
38,0.448,0.166,1,-9.355,0,0.0362,0.906,0.0,0.369,0.295,123.936,76mXa7siHyqnjtfWGRcg51,196893,3
39,0.793,0.428,0,-7.34,1,0.0399,0.0736,0.0,0.079,0.16,120.942,6l67IEVLEAzvx1emBSX0t8,169587,4
40,0.784,0.51,9,-6.546,1,0.0405,0.0667,0.0,0.0773,0.526,135.909,3QpAo1aiTUVgsQBR8KmNHO,110347,4
41,0.597,0.854,8,-2.752,0,0.0373,0.00123,0.0,0.16,0.676,130.057,1d4vrwsqMMV9H1oh7fkg8A,190427,4
42,0.869,0.686,6,-5.324,1,0.114,0.372,3.57e-05,0.0668,0.907,97.951,21wShvRGwZ3V12W786LplP,152387,4
43,0.786,0.596,2,-6.711,1,0.117,0.00522,0.0,0.11,0.75,84.948,16QfYCJ6g1RVi0OOHZ5Iut,167740,4
44,0.715,0.618,8,-4.975,1,0.0543,0.29,0.0,0.0908,0.676,157.786,4JzAcIjtO0yQ3refHgCWfE,163640,4
45,0.698,0.301,3,-13.063,1,0.03,0.82,2.16e-06,0.2,0.474,115.643,5aaUXcrsXI477I93yBE8lu,124387,4
46,0.829,0.808,3,-4.792,1,0.0663,0.0266,2.17e-06,0.0547,0.969,123.99,7aBAEgh5KKsVU29xYcYcI7,179520,4
47,0.543,0.787,8,-6.52,1,0.241,0.248,0.0,0.0778,0.343,173.702,4o05DiC0RQ9DNtGJGauwna,189397,4
48,0.602,0.869,11,-5.546,1,0.172,0.142,0.0,0.212,0.673,124.004,6pEmoxeTm8dqqwHoCken25,260373,4
49,0.807,0.696,9,-3.984,1,0.039,0.00117,0.0,0.0457,0.734,119.033,7E4H1GK0ZcYkw8gA9fTReu,204533,4
50,0.817,0.882,0,-3.86,1,0.241,0.0492,0.0,0.0488,0.769,115.017,59JJfPTYKTm4hZJi3CvmDf,224133,4
51,0.664,0.945,8,-3.846,1,0.0875,0.0341,0.0,0.274,0.718,170.013,2XYRJ6PqDlje8IcoY6QXK8,178745,4
52,0.81,0.653,9,-5.242,0,0.0277,0.14,0.000399,0.245,0.691,104.957,7dwiNsnIY3xOrE0k4kVDEl,215568,4
53,0.626,0.791,0,-4.437,1,0.212,0.185,0.0,0.168,0.625,181.826,3k9hfEVvOcGG5d1BBQmjty,188753,4
54,0.591,0.705,9,-6.519,0,0.079,0.381,0.000116,0.131,0.27,121.799,3y3brCCecHC3Db18aIOnny,215316,4
55,0.705,0.909,9,-2.696,1,0.0604,0.0828,0.0,0.0712,0.672,100.035,76E8JNt6NFKa4MeZHPxGCH,194040,4
56,0.73,0.65,9,-5.735,1,0.0414,0.242,1.33e-06,0.078,0.951,102.017,1DVdHvrk06tW5tbsJCkVFU,221427,4
57,0.789,0.704,3,-5.229,1,0.034,0.253,0.0,0.155,0.55,106.031,44blRNiipXlYR5O2eK9hzS,192333,4
58,0.648,0.787,5,-6.784,1,0.048,0.00634,3.29e-06,0.443,0.929,110.989,7ciTZoxqPMMvxJLNiFZDTH,84080,4
59,0.733,0.671,4,-6.201,0,0.0661,0.413,0.0,0.133,0.562,113.044,4CNicxGbQWMwCZD3cZIOND,223274,4
60,0.926,0.904,1,-3.095,1,0.139,0.04,0.0,0.0405,0.937,117.014,3krjKKOH1CjeGXn6hIqyLA,205827,4
61,0.648,0.855,4,-5.64,0,0.0414,0.0111,0.0,0.0904,0.51,107.972,6EJrfpisIxba7EgbcTBNz2,161667,4
62,0.71,0.646,7,-6.386,1,0.0359,0.157,0.0,0.33,0.677,118.048,4c0uiTdw7y8YxoRZfWEMqo,157307,4
63,0.718,0.714,0,-5.483,1,0.036,0.525,0.0,0.0575,0.476,100.049,54aKBuzd9aLUOPJswi1Q31,215587,4
64,0.786,0.952,2,-4.349,1,0.163,0.0326,0.0,0.329,0.678,160.007,0mDH8XQRpQUGkXXZzYAyu0,156582,4
65,0.871,0.754,6,-5.771,1,0.034,0.217,1.09e-05,0.122,0.924,110.97,3PQQWkpJhBvytg5TPTsU2T,210920,4
66,0.736,0.706,2,-3.899,0,0.0438,0.0133,0.0,0.324,0.758,123.047,32UJH1F38AMSjZilQyBzOE,173220,4
67,0.788,0.745,5,-7.072,1,0.258,0.29,0.0,0.0373,0.672,135.278,6U4VqEHy4n5VeiH4pQPL24,163893,4
68,0.592,0.876,8,-5.515,1,0.0855,0.0317,0.000659,0.204,0.881,120.0,2GMgGGx83x0QtJ2Q0qK0Vf,134500,4
69,0.702,0.706,0,-4.434,1,0.0342,0.222,0.0,0.198,0.72,95.0,1taDlZzWCFEOC9NlohkWx6,175000,4
70,0.779,0.604,9,-5.671,1,0.0519,0.206,6.02e-06,0.0734,0.655,90.019,6Mh1JHzFXhO2j6FDFrTkJ0,162947,4
71,0.31,0.54,9,-9.629,1,0.346,0.163,0.000129,0.0713,0.148,180.994,1ehPJRt49h6N0LoryqKZXq,175507,4
72,0.499,0.742,9,-3.408,1,0.0875,0.0269,0.0,0.269,0.833,179.759,5MbaCozMxkXzx6nKWyufeA,187627,4
73,0.604,0.628,5,-5.725,1,0.0617,0.0313,0.0,0.252,0.585,99.859,64rOVBWON5cE3RmPgdv8Yz,182427,4
74,0.733,0.886,9,-4.295,1,0.135,0.168,0.0,0.0742,0.717,100.033,4tZ44neYoPDYX16daNPTdb,231733,4
75,0.711,0.555,3,-6.58,1,0.0318,0.0237,0.0,0.195,0.221,99.913,5gY5Tixu6wV6V1EJIQ3zNI,157453,4
76,0.73,0.732,8,-2.556,1,0.0366,0.0823,0.0,0.0757,0.546,112.058,1Y9cAYTmyWJCcmfqdG2I29,218948,4
77,0.612,0.691,0,-4.932,0,0.12,0.0432,0.0,0.19,0.25,175.003,7MSFoTbgwi5BFpilewAbUo,164587,4
78,0.638,0.893,9,-3.638,0,0.0342,0.147,1.29e-06,0.154,0.556,123.974,0QuwmuIGdlGfhOOssvw693,159840,4
79,0.738,0.831,2,-6.213,1,0.221,0.278,0.0,0.452,0.493,97.908,192XFsstn69TuEA3iDez6F,159360,4
80,0.671,0.806,1,-3.567,1,0.0711,0.0584,0.0,0.32,0.859,100.042,0VQK2axT4qXgYd4aKCHgWx,131333,4
81,0.639,0.881,0,-5.068,1,0.046,0.0985,0.0,0.0519,0.541,92.054,6IoQuFTjNbpl6572b9GryH,198240,4
82,0.827,0.567,9,-4.94,1,0.0654,0.139,0.0,0.236,0.869,137.933,3mR9m0eFdErCrq0UUPA1uF,182609,4
83,0.302,0.414,2,-8.16,1,0.0319,0.0575,0.0,0.0861,0.105,110.508,4U9CF27YlwHRtUGKUzhUTT,242956,4
84,0.837,0.459,3,-8.712,0,0.23,0.799,0.0,0.0974,0.525,140.129,0bahbEb9kQs9QFdjfTyDkn,177333,4
85,0.519,0.904,5,-4.196,1,0.0598,0.0293,0.000184,0.515,0.914,168.961,4D5ITfY3HH9JqIbOKsE7da,163173,4
86,0.536,0.73,5,-4.302,1,0.037,0.000941,0.0,0.133,0.314,123.589,7xQxjMokrYnY8n9w19FZqr,203095,4
87,0.553,0.849,8,-4.468,0,0.181,0.236,0.0,0.11,0.354,159.711,0yTGOMRv5oWECS6wqqQXOJ,195440,4
88,0.921,0.744,4,-3.974,1,0.0394,0.273,0.0,0.095,0.945,122.039,0yoRPtPAz3OIUsVN1kYb6u,171000,4
89,0.842,0.836,9,-4.667,0,0.0569,0.0223,0.0,0.308,0.772,115.977,17DaNTlAY4qPjLJcalrCnD,179000,4
90,0.724,0.819,0,-7.083,1,0.0395,0.0371,6.91e-05,0.105,0.697,134.971,6VGrDeWDhgVlyljWdEFT9r,129088,4
91,0.778,0.435,4,-6.955,1,0.0428,0.477,0.0,0.111,0.203,125.005,2cHUI82x9fDFsFNwOQzYlK,211920,4
92,0.522,0.626,4,-8.182,1,0.052,0.000449,0.00126,0.142,0.385,115.004,0XSVA2UpFoDgu57TWxn1Kr,162320,4
93,0.768,0.77,5,-4.337,0,0.103,0.15,0.0,0.25,0.907,125.052,62DQIDitfKeQHLiRjarzhV,196227,4
94,0.803,0.424,8,-6.443,1,0.0422,0.505,0.0,0.109,0.609,94.944,7C58YH3nB4dMlxkEJYVwTY,211200,4
95,0.673,0.718,0,-3.936,1,0.032,0.0841,0.0,0.295,0.938,80.949,5kMFdjmxkTiSXVdNmya2Cn,147267,4
96,0.751,0.767,7,-4.036,1,0.0287,0.0221,0.0,0.138,0.63,119.985,4RWenDHni2ugAWnSjrwQfd,172467,4
97,0.542,0.962,0,-2.004,1,0.145,0.0274,0.133,0.0438,0.641,170.041,6KZYD8mbuJJJpXjpDqmmbT,243147,4
98,0.741,0.709,0,-3.819,0,0.0416,0.0403,0.0,0.0612,0.967,202.197,1Y7iHDN177vPIsJuUwKlWh,148267,4
99,0.657,0.649,1,-5.39,1,0.0479,0.0358,0.0,0.106,0.699,87.979,3HPRqipXPgSKMYfwNnN5GR,178253,3
100,0.731,0.789,1,-7.189,1,0.225,0.706,0.0,0.358,0.619,107.009,40kdi1ZHChaIkQOXHp3CxB,202333,4
101,0.727,0.837,8,-6.095,0,0.228,0.0391,0.0,0.212,0.251,119.995,19XnC5kjmixWOJcu1Z4iyu,203880,4
102,0.735,0.516,7,-5.307,1,0.0349,0.428,0.0,0.186,0.604,106.981,3Ak1BW1QlDhMPnOaBa1BiR,183653,4
103,0.759,0.743,6,-5.276,0,0.0287,0.0151,0.000175,0.193,0.563,122.006,0WrDu71kTgPv9iBJrGWWjP,195427,4
104,0.802,0.734,10,-6.419,0,0.124,0.102,4.1e-06,0.0492,0.634,96.065,4NO0nlVHcYuV2qna4wALho,171093,4
105,0.914,0.781,4,-2.894,0,0.106,0.153,0.0,0.476,0.81,123.865,05qecc13jTsHwrkEQRSEFA,151800,4
106,0.605,0.69,1,-4.621,1,0.0401,0.0946,0.0,0.126,0.264,139.846,2nPRJ1sJLgUKSZrTo5Xd6W,197333,4
107,0.739,0.658,2,-5.061,0,0.0758,0.288,0.0,0.12,0.353,100.026,5NwXY746sutJV9w5sM6XIR,177440,4
108,0.753,0.598,4,-4.572,0,0.0549,0.279,0.0,0.0993,0.723,99.905,0RqnfYWfWnv0nPAf94OVIn,177333,4
109,0.775,0.572,0,-6.498,1,0.0509,0.243,0.0,0.298,0.483,121.888,061VxiPJeP5YiIOP8Z2DF0,205107,4
110,0.847,0.758,8,-5.773,1,0.0829,0.0434,0.0,0.364,0.667,106.966,6HpVFV5zHmyS4hesAOsLmc,176867,4
111,0.879,0.719,0,-2.975,0,0.0417,0.291,0.0,0.345,0.898,133.959,6r6cCBdOYVDJWxWXN3tHIj,178133,4
112,0.691,0.617,10,-7.12,1,0.0603,0.288,0.0,0.12,0.296,77.021,5p1a9a8w5GBvleyMvDYtjJ,165360,4
113,0.63,0.742,6,-4.283,0,0.0785,0.0748,0.0,0.177,0.474,147.93,2XzmJ4Xn5OdjvRHtHwJyd6,190173,4
114,0.739,0.0279,5,-24.992,1,0.141,0.995,0.972,0.0973,0.654,71.772,7eW3fElGA1BMzdF2Y6egtO,201285,4
115,0.516,0.0661,0,-24.948,1,0.074,0.994,0.956,0.0893,0.44,133.989,2ezPqb8CcWlb8xEVYV9St2,189500,4
116,0.495,0.0207,1,-26.898,1,0.0535,0.996,0.963,0.0925,0.518,108.07,7sVzX9PWTOJEX6QDWPm6U2,135875,4
117,0.516,0.0308,0,-27.959,1,0.0475,0.996,0.947,0.103,0.652,76.061,1apyGj27ZxI2QTEnq9hGNx,139985,4
118,0.671,0.013,0,-18.283,1,0.0588,0.993,0.967,0.127,0.705,72.686,4zp7b4Hod4W7KuwNWDPzPj,100456,4
119,0.0,0.0114,0,-18.766,1,0.0,0.993,0.967,0.121,0.0,0.0,5qDQXVallv4MJCdQoq1Yfh,99968,0
120,0.609,0.102,2,-26.633,1,0.0821,0.996,0.973,0.0993,0.62,108.062,2sV9N58OhX1y1qH7au3W6Q,87000,3
121,0.785,0.101,11,-19.448,1,0.0839,0.994,0.947,0.112,0.386,92.894,1WUKzTDdGuAr9DcMlh8sPM,90319,4
122,0.537,0.0354,7,-22.246,1,0.0563,0.996,0.97,0.145,0.48,76.235,55YEuJsxndpOKqTkxhtlFo,172239,4
123,0.628,0.0656,0,-18.98,1,0.0887,0.995,0.951,0.121,0.66,71.481,5BL0cjADrGSXXVO3fwAWRB,108657,4
124,0.641,0.065,5,-17.551,1,0.0852,0.995,0.943,0.0945,0.403,92.413,3sugDC76kXIlZXq8PdnIdZ,141749,3
125,0.614,0.0279,4,-19.945,1,0.195,0.995,0.968,0.107,0.468,51.815,4x8flBpFt5WGld0Ztlc6n7,224665,4
126,0.704,0.107,7,-17.827,1,0.0833,0.995,0.908,0.0914,0.561,102.507,5ILdhFX4UGOnpuJGgVcUg3,106706,4
127,0.669,0.0252,7,-25.674,1,0.104,0.995,0.96,0.0969,0.828,131.293,47hPOcAbwkZJLRK5XFZouA,116835,4
128,0.53,0.0319,2,-27.52,0,0.0649,0.996,0.962,0.11,0.376,133.271,47dfnROFpFJJDD6oCWWbSj,60250,4
129,0.491,0.0509,5,-27.587,1,0.0509,0.995,0.945,0.117,0.561,94.146,2LktcIchl4v0rPXWvwBNlc,72000,4
130,0.49,0.0472,7,-27.211,1,0.0589,0.995,0.95,0.1,0.571,146.832,0xhioHIsjNDRu8x9yuOmnc,84250,3
131,0.627,0.11,8,-19.809,1,0.0566,0.996,0.953,0.123,0.695,74.434,7vR65Iy5mH6cD3vWJBnzzA,92239,3
132,0.567,0.0988,10,-22.061,1,0.0923,0.996,0.97,0.0894,0.425,66.829,4YRARpkUow9hauMEKnCtPF,89749,4
133,0.582,0.0536,7,-26.992,1,0.128,0.996,0.97,0.143,0.936,97.798,2nQvWJbR4UHRndUPQXgwaC,46000,4
134,0.549,0.0121,3,-22.144,1,0.0593,0.996,0.962,0.126,0.457,63.293,65rzCFwfDkh7VWFz9ZxdYU,94521,4
135,0.626,0.00697,4,-24.251,1,0.106,0.995,0.966,0.101,0.452,133.704,33LxTLtLtQTtya8KGX2dRz,134344,4
136,0.641,0.0249,5,-19.888,1,0.0998,0.993,0.962,0.0968,0.339,135.224,2ifRegHZ14KWEKFDj5uXOn,157169,3
137,0.732,0.0738,0,-20.643,1,0.0647,0.995,0.952,0.0967,0.629,93.686,5MRj1OTzFZu2DCeM60mMCF,81596,4
138,0.562,0.0331,1,-25.551,1,0.103,0.996,0.961,0.111,0.386,63.696,0SjsIzJkZfDU7wlcdklEFR,185250,3
139,0.646,0.112,0,-24.612,1,0.0304,0.994,0.941,0.0945,0.529,82.709,6dEtpCv2c4FT9MzTIhIB9M,111492,4
140,0.491,0.0326,5,-22.259,1,0.0956,0.995,0.963,0.0686,0.501,72.493,4QK9MAuwN1ReoEuHHRrynM,116604,1
141,0.386,0.0168,5,-30.715,1,0.0658,0.995,0.927,0.0948,0.651,75.857,7eBLqtPCbcnMNFIFvaBC71,61000,4
142,0.652,0.0439,2,-24.37,1,0.0895,0.996,0.958,0.104,0.803,76.364,43JkPkAXVCcyuZK8WqBZT3,118918,4
143,0.465,0.0289,3,-27.689,1,0.043,0.996,0.959,0.136,0.448,99.873,4SMp3hkQV64IoaaKsBQoBo,123500,3
144,0.363,0.0406,11,-22.429,0,0.0507,0.996,0.936,0.103,0.413,65.469,514iqNsy7WFVUXMfYnpNAU,64708,4
145,0.54,0.0562,10,-26.774,1,0.105,0.996,0.957,0.11,0.489,62.58,0nyqo64CI34PQ8ro08xRcf,52000,4
146,0.525,0.0596,9,-28.118,1,0.0737,0.995,0.964,0.0874,0.201,70.288,4MXdzN8AzgAAjOqj61Tk1R,114750,4
147,0.638,0.0407,5,-20.672,1,0.082,0.995,0.95,0.111,0.762,132.834,7JXtHkQmBYNTgMdAozVUNw,110994,4
148,0.551,0.0323,9,-24.155,1,0.191,0.995,0.972,0.0972,0.703,176.391,5r4OlQ86NhqM4kedvlFMws,74173,3
149,0.484,0.0306,10,-27.113,1,0.0674,0.995,0.962,0.0978,0.481,67.783,7q2niOhFitCLwzgYM1arxn,182000,4
150,0.382,0.069,10,-24.57,1,0.0614,0.995,0.973,0.108,0.571,68.649,685PXnzZpuJ08GiyEcTocA,92000,4
151,0.443,0.0248,11,-25.351,1,0.0622,0.996,0.967,0.12,0.52,68.123,147gCksvDRmjG1pO51ZCcf,100562,4
152,0.498,0.026,9,-19.613,1,0.103,0.995,0.948,0.0862,0.442,147.2,4yHxq2DfLtJTpAun4mSffG,165094,3
153,0.575,0.0311,7,-26.449,1,0.218,0.996,0.969,0.112,0.76,74.875,5xQryMkcUZt2129uIOUfee,54250,4
154,0.553,0.0396,5,-23.789,1,0.105,0.996,0.965,0.116,0.845,92.204,5rU8jbbwWeavpQfQVYze4l,138158,4
155,0.645,0.02,0,-27.343,1,0.0996,0.996,0.973,0.121,0.776,132.241,68QTF5OPbrP93iokbaSsBL,67000,4
156,0.572,0.032,1,-29.582,1,0.0967,0.996,0.971,0.103,0.515,83.81,2ViaQwX9HaThUSHkmbWxg6,54000,4
157,0.508,0.00968,5,-28.626,1,0.0627,0.994,0.953,0.132,0.533,71.573,343AlLHbxxjgwQmEuDVr8X,151250,4
158,0.517,0.0127,7,-26.2,1,0.0905,0.995,0.963,0.103,0.386,138.926,6Rkc5D8xSpK7D6wHM3cAfv,93500,3
159,0.513,0.0335,0,-26.01,1,0.0733,0.995,0.942,0.104,0.351,77.982,2kKcw9T4NMzvntvegmS2N6,141292,4
160,0.48,0.0422,6,-23.783,1,0.0801,0.995,0.924,0.104,0.639,136.537,6ordUlkJ8vG1gDkYcfR6Zq,78687,3
161,0.0,0.0387,5,-23.866,1,0.0,0.996,0.967,0.127,0.0,0.0,0918YdN3RwOfav38agng06,120107,0
162,0.603,0.0563,3,-22.513,1,0.105,0.995,0.955,0.103,0.385,129.278,7Lj94wIntLirwCw5OikPs5,199750,4
163,0.457,0.0134,10,-25.149,1,0.0452,0.995,0.925,0.123,0.405,113.567,4sP8BKTHCC1CEdp4mOVkdZ,160500,3
164,0.41,0.0541,6,-28.362,1,0.0465,0.993,0.947,0.13,0.783,85.039,5haTOyj3fd2iVNwDpidiIi,95567,4
165,0.614,0.0269,7,-28.0,1,0.186,0.996,0.969,0.13,0.609,135.382,5rAovpZl26fIwe2SazYiiZ,169437,4
166,0.593,0.00864,0,-25.273,1,0.0559,0.99,0.958,0.14,0.674,132.772,4z34BTsWVB44l98BrafyHp,118875,4
167,0.492,0.0465,2,-25.636,1,0.0424,0.993,0.961,0.118,0.571,64.271,4E0b1oXvrPoxHc9Mh3bYzZ,57718,3
168,0.631,0.0105,2,-26.632,1,0.117,0.996,0.97,0.104,0.719,107.83,0VrmeOuPUkkEuZbQ9CaHXT,59500,3
169,0.452,0.0238,7,-27.5,1,0.0622,0.995,0.966,0.154,0.36,109.71,1oMUYmXy85ZOQGZ2fylBiN,82500,4
170,0.547,0.0473,9,-29.571,1,0.0554,0.996,0.935,0.0916,0.363,75.711,0FlZr7xwBVv82KyO5ZSEC4,285667,4
171,0.524,0.077,2,-26.671,1,0.0561,0.996,0.97,0.112,0.974,111.025,7ClgKhsbFMHT6SctPSBezr,58625,3
172,0.61,0.04,7,-25.595,1,0.19,0.995,0.957,0.0942,0.646,75.421,3i2GIvwlAvo2hoWkV8shPT,123017,4
173,0.682,0.066,9,-17.156,1,0.224,0.995,0.967,0.0977,0.701,105.557,3d72QILd88K2qjBCOBQ8J4,80054,4
174,0.483,0.0257,5,-31.178,1,0.0756,0.995,0.94,0.127,0.716,72.437,2DiFgIeLFDnS3y8Q0zw2LV,114000,4
175,0.327,0.055,7,-27.468,1,0.0589,0.995,0.957,0.116,0.348,161.042,5EvSBms5sdJTxdyFMRGscp,64717,4
176,0.634,0.0333,5,-20.191,1,0.0427,0.992,0.93,0.129,0.144,118.197,2TEKQmhKPX4unCG45WreuD,251885,4
177,0.697,0.161,2,-15.553,1,0.085,0.993,0.925,0.112,0.288,75.781,21c3IxNNDGu9F7buYHtU6n,276543,3
178,0.593,0.0598,0,-24.836,1,0.388,0.996,0.969,0.191,0.68,64.775,1WapRRJQm0zJZhKaMfJRdZ,88652,4
179,0.597,0.0756,11,-26.03,1,0.141,0.996,0.973,0.101,0.856,142.177,1FIlBc2LI8yjVvhRokhV9Y,115070,4
180,0.629,0.199,0,-26.085,1,0.0581,0.996,0.972,0.121,0.77,101.043,6rCqiXs9GaZCG2tvCHxL5E,85375,4
181,0.35,0.0262,0,-24.468,1,0.0398,0.994,0.895,0.119,0.0556,100.076,73nAdnaRt0Qmm1dG5fhdK8,231211,4
182,0.553,0.0252,0,-26.251,1,0.0578,0.995,0.951,0.1,0.342,65.198,5nMuRfykxzwgl23IrUa5xY,200292,4
183,0.661,0.0726,2,-15.856,1,0.0846,0.994,0.946,0.121,0.553,97.599,4PbD6tkvzVgwZcAQgUPxka,66465,3
184,0.412,0.0475,9,-24.963,1,0.0554,0.996,0.948,0.11,0.352,129.572,1gf0Lb3ZFIf4AelxPy76Zh,60003,4
185,0.385,0.0133,7,-25.166,1,0.0511,0.992,0.926,0.0939,0.126,77.872,3ejZDyN8cOcVtK9P8VHfXn,235343,4
186,0.694,0.0419,1,-23.73,1,0.061,0.992,0.937,0.116,0.421,88.372,3Vwjf9nrGk37uaAQtt0dnT,138020,4
187,0.549,0.072,4,-17.144,1,0.0686,0.994,0.917,0.106,0.339,131.1,5zAG6QyEaqloTJPLn9wexX,141121,3
188,0.652,0.0433,0,-18.494,1,0.184,0.995,0.96,0.105,0.621,133.897,63KsY0VHBe1b78GLFu66rE,69361,3
189,0.505,0.0409,7,-20.356,1,0.0472,0.996,0.948,0.104,0.31,172.341,7hQYakDtSt1uj9W6NAOQxI,234767,4
190,0.675,0.0286,7,-24.525,1,0.0731,0.995,0.959,0.157,0.363,71.897,2j0aEdojLHM2N6TlaANyd7,140208,4
191,0.551,0.00738,2,-25.36,1,0.0674,0.995,0.944,0.0977,0.474,97.401,1ASON2czMxxdew6pusPG6r,118229,4
192,0.481,0.0325,2,-24.216,1,0.0595,0.996,0.962,0.143,0.685,65.432,0bVX8bwBnbAiuQI7JOte86,148997,3
193,0.685,0.0375,10,-20.791,1,0.186,0.995,0.962,0.121,0.446,93.008,3TlnOqKkYPNDl4bxvS5RaB,108933,4
194,0.584,0.0373,9,-27.584,1,0.0499,0.996,0.972,0.103,0.549,67.541,51LmGNeKKCnfE8dnF5Oiaq,67750,4
195,0.413,0.0445,8,-25.517,1,0.0544,0.995,0.96,0.107,0.694,106.607,4jEe2RImCanle1q1crBdyL,77250,4
196,0.506,0.0709,0,-23.977,1,0.0583,0.996,0.969,0.116,0.21,68.603,1YDlXrLsLs5a0demOtyIKl,62640,4
197,0.562,0.0206,9,-19.857,1,0.0426,0.995,0.93,0.108,0.207,72.953,61FnfOx61kMlzmVfbl5Jtx,188473,4
198,0.494,0.0147,3,-30.802,1,0.0398,0.996,0.901,0.125,0.542,74.355,61LXY2gT1KAXDsxIwHx9bP,157844,4
199,0.52,0.0165,7,-24.186,1,0.0811,0.995,0.947,0.12,0.615,64.613,4s1Oyeihq44hkYsHfu4N80,53250,3
200,0.298,0.0873,9,-19.083,1,0.0598,0.994,0.957,0.106,0.407,211.823,5tdcH4SoS9ViDo8vtSRsft,180578,4
201,0.536,0.0123,4,-24.22,1,0.0673,0.995,0.964,0.107,0.271,140.384,2WwHMwfrnG9Q8DKagducS2,306000,3
202,0.459,0.0657,11,-26.683,1,0.0688,0.995,0.963,0.0938,0.368,116.737,3ansqkO7A68z6xDhErpKpi,198000,4
203,0.554,0.0826,10,-25.88,1,0.0885,0.993,0.971,0.128,0.486,130.128,0PT2xlrQQY4DdnaJ0e77CS,116375,3
204,0.599,0.0488,9,-25.856,1,0.0708,0.996,0.955,0.0984,0.413,81.863,1SGEkhOnL90QTGbH0hmKyK,135021,4
205,0.561,0.125,0,-23.539,1,0.0698,0.996,0.968,0.114,0.826,78.064,0bnnxOSirCBcu276sRJ0s6,104000,4
206,0.636,0.0218,7,-28.894,1,0.102,0.996,0.973,0.136,0.691,124.905,2DODM9LlrVPsm3CB5wCyEu,69625,4
207,0.394,0.0281,1,-23.71,1,0.0666,0.995,0.969,0.108,0.301,200.615,2ahwerIzRcGeSMQnZ2DDJa,212400,4
208,0.447,0.00881,5,-26.896,1,0.0796,0.995,0.959,0.142,0.491,53.89,6oUWWupUtsIAtc821IZPaH,117315,4
209,0.555,0.0799,1,-25.547,1,0.12,0.995,0.968,0.0998,0.445,117.326,3TVWQ5JitUqM6bocliOUam,80250,4
210,0.566,0.116,0,-24.343,1,0.0661,0.996,0.966,0.123,0.762,66.541,5Ta2XWU7fE69bU1w3ZDILn,71500,3
211,0.512,0.0246,7,-29.64,1,0.0456,0.996,0.961,0.239,0.708,64.728,30XhU05qumP09S2Tj9CzJo,68000,4
212,0.688,0.0195,4,-20.35,1,0.0567,0.996,0.957,0.095,0.293,132.225,3J7iUsiftcjZxPfewt4jM6,209361,3
213,0.588,0.0306,0,-25.478,1,0.0661,0.995,0.965,0.105,0.63,70.558,4BTJpnBQdOVcILo8LdPAdj,138322,4
214,0.418,0.0633,5,-17.392,1,0.0462,0.995,0.951,0.098,0.141,134.205,4dL3q3lZXkhDY81OxwUYLP,202757,4
215,0.369,0.0246,10,-27.461,1,0.0417,0.996,0.926,0.118,0.258,67.305,42HxzqryZgSkMlvlhL8Zg2,121375,4
216,0.468,0.00502,0,-18.446,1,0.0815,0.996,0.924,0.106,0.749,84.752,774AtBbCtOjcMI9qLPEbFM,69131,3
217,0.514,0.0282,11,-20.249,1,0.0693,0.995,0.95,0.111,0.244,96.015,4eyOZVDzYlVslh6POZ9AVP,230000,4
218,0.631,0.0721,4,-26.324,1,0.0724,0.996,0.967,0.113,0.505,72.551,5Tjwplo0s0KyQazuFOd5ly,142368,4
219,0.358,0.0224,2,-26.997,1,0.041,0.994,0.936,0.111,0.701,87.354,742c6pq3nrmbAVBfIs5rrT,81562,4
220,0.483,0.0107,7,-26.733,1,0.171,0.996,0.968,0.156,0.727,73.179,5wWAjBYLHEy8FwteKQqok0,96875,4
221,0.333,0.0253,7,-26.766,1,0.0788,0.994,0.942,0.082,0.448,211.395,6ffgSHs18bocemdXI00WnM,88917,4
222,0.519,0.0469,0,-26.612,1,0.108,0.996,0.961,0.105,0.649,137.267,5YGcV9XH0bsCuqwFH5pYYE,59250,1
223,0.398,0.0296,2,-23.591,1,0.0867,0.995,0.962,0.133,0.347,95.061,1hqsp7bsJe26RN1Q5tpEG5,184181,4
224,0.502,0.00876,5,-26.265,1,0.0579,0.995,0.961,0.103,0.58,74.64,5WJtecrTxI3mDXB7AGZ2v3,146875,4
225,0.511,0.00813,10,-28.612,1,0.0905,0.996,0.956,0.109,0.313,68.265,4KGIoolaZRwbLi0BivExPb,152015,4
226,0.551,0.0344,4,-32.342,1,0.0415,0.988,0.957,0.102,0.507,92.504,4GrJb2CouAQIqymFQEdweV,112789,4
227,0.377,0.027,7,-22.285,0,0.0368,0.992,0.945,0.125,0.13,131.545,0oYpL4iDhZirA5ctnB6vcA,244616,4
228,0.817,0.0831,10,-23.986,1,0.0752,0.995,0.967,0.127,0.527,136.021,5BhTxumZ4l4JEn1xOxVRKY,146534,4
229,0.595,0.0286,0,-20.229,1,0.451,0.996,0.957,0.166,0.463,170.472,7MfRBacWFWDgX7ETHRVbyJ,125191,3
230,0.55,0.0391,9,-20.252,1,0.0756,0.995,0.929,0.107,0.445,125.434,0PuH1f5UQo54OwIzJyZKMc,88942,3
231,0.407,0.0299,9,-29.699,1,0.036,0.994,0.878,0.0922,0.269,119.75,1QZWQNbo6aupLs38M2M1bY,136833,4
232,0.388,0.131,7,-26.978,1,0.0475,0.994,0.96,0.122,0.654,131.333,1FE4MRViKXTiklLJeU4CZc,64500,4
233,0.634,0.0263,0,-22.452,1,0.345,0.996,0.955,0.115,0.219,63.512,1Wx5XPMuQX9VHkEathTyL0,119602,4
234,0.527,0.0108,5,-27.941,1,0.069,0.996,0.966,0.0937,0.797,132.162,2jDL6ctWUV1WoGC9I2MRNW,77672,3
235,0.442,0.0293,0,-26.293,1,0.0495,0.996,0.938,0.0927,0.25,67.256,2PTk3D7oDW97J1n8HYQwsj,251189,3
236,0.635,0.0393,7,-24.118,1,0.0876,0.995,0.96,0.138,0.775,58.821,6bYGIgGhnbb6yEppV4ztWE,229910,3
237,0.326,0.00891,0,-24.103,1,0.0518,0.986,0.934,0.111,0.299,69.79,6RMjZgsE9IcQZqubTzLtDs,130192,4
238,0.664,0.0619,9,-17.77,1,0.0619,0.995,0.94,0.12,0.662,79.37,6ZWGT0MAscrYavht0RCHaY,155860,4
239,0.508,0.0691,7,-25.172,1,0.0567,0.995,0.964,0.132,0.606,99.555,5IyXmzh7GIQMwvWdPutYfU,83000,4
240,0.279,0.0633,0,-26.435,1,0.0486,0.993,0.948,0.106,0.346,173.744,6oTaaAaIhm5Y3EhvGNJCBW,200676,4
241,0.217,0.0385,5,-24.451,1,0.0563,0.992,0.904,0.111,0.0744,207.053,10P1THgSCHhNJHHIyuX4qa,238000,4
242,0.547,0.0234,8,-20.006,1,0.042,0.994,0.952,0.108,0.357,60.219,10Oygwl9Jtxnm7R8ybjRuP,121923,3
243,0.38,0.00163,10,-26.82,1,0.0472,0.993,0.96,0.134,0.402,69.924,1pgSiIvNXVQAKlMvjvqL0r,160467,3
244,0.397,0.0375,6,-30.119,1,0.0434,0.994,0.89,0.0991,0.28,66.93,0R4oLV3rQNJW3ydm9Paq2q,129000,4
245,0.629,0.00568,7,-24.541,1,0.0828,0.995,0.958,0.106,0.478,133.949,3FbKnCRNzHwIudovtaKa7x,184868,3
246,0.478,0.0519,3,-24.185,1,0.068,0.995,0.951,0.104,0.461,79.055,6r1N2c0I9Q6CeXRlJ1IcdN,123727,4
247,0.509,0.0148,9,-29.627,1,0.0501,0.987,0.935,0.104,0.564,128.718,7lZchqGAL8PHAg2ejkGeYG,102173,4
248,0.702,0.0466,11,-22.9,1,0.0676,0.994,0.97,0.091,0.132,132.039,18RRTF9SbEOM9h3aoMKeNc,180419,4
249,0.647,0.028,7,-29.043,1,0.0848,0.996,0.971,0.112,0.629,70.491,544L02Es0F21ZS1G86YWOG,142600,4
250,0.42,0.111,7,-20.213,1,0.068,0.994,0.951,0.116,0.31,78.515,69bF5FvdD3jlEoB01wOb6x,258802,1
251,0.404,0.0251,9,-29.059,1,0.0413,0.993,0.96,0.108,0.532,98.777,6KQVHlSUKdIEO91qTNm6Uz,130625,4
252,0.431,0.0353,7,-23.003,1,0.0612,0.994,0.912,0.119,0.161,118.281,4cuhDcdaWgkvoSaj016y6T,273500,4
253,0.72,0.0124,11,-28.442,1,0.0819,0.995,0.965,0.0889,0.751,66.158,3p5FfWZ2NFFW3ANHsLZ5lw,104713,4
254,0.414,0.0874,10,-26.017,1,0.0521,0.996,0.965,0.0988,0.414,140.352,4EcOCD3uek9lYY87NmqFOZ,231500,4
255,0.463,0.0249,8,-24.519,1,0.0394,0.993,0.928,0.127,0.216,144.599,4SNS6KMBDrfK676bO1hQj9,201858,4
256,0.811,0.0572,7,-21.851,1,0.0805,0.996,0.96,0.118,0.85,95.339,19Kog8Crt0hvrdyOOZeclK,145685,4
257,0.622,0.0218,9,-25.929,1,0.1,0.996,0.965,0.0999,0.801,130.43,75L7t3fLTJbi0RHIuebO5n,91900,1
258,0.419,0.105,0,-18.601,0,0.0472,0.994,0.953,0.112,0.294,164.941,48TkJSl7gj38DZ8AMoI9Fs,272875,4
259,0.672,0.0656,7,-28.613,1,0.0796,0.996,0.969,0.12,0.729,109.615,4cyMs1pco2SA6xDnqfs5Yo,98056,4
260,0.513,0.0482,1,-28.798,1,0.123,0.996,0.969,0.099,0.329,75.599,3Y2LAlMBk0PFpexfYNduuE,75000,3
261,0.257,0.0317,8,-23.03,1,0.0424,0.989,0.944,0.16,0.268,205.506,2fIVdzd4JW4HnwzqrvCysf,192727,4
262,0.612,0.0206,0,-21.606,1,0.0949,0.995,0.964,0.134,0.367,71.062,2WlWsEOZYS1zfSQxkYVSpb,99896,1
263,0.452,0.0197,4,-31.252,0,0.0492,0.995,0.93,0.171,0.224,75.105,1QH8GuUSgN6TwfoaLg7Ltz,75918,1
264,0.441,0.00753,4,-28.155,1,0.0447,0.992,0.93,0.108,0.279,79.838,0MsRVJU5MGKWRQL2kzQLzN,182625,3
265,0.587,0.0122,2,-22.043,1,0.0915,0.995,0.948,0.116,0.763,130.967,1LfubxzFlUkGD6X1XiMv06,91646,4
266,0.389,0.0404,4,-26.546,1,0.0503,0.995,0.954,0.106,0.211,72.857,78kow2bDzZpSoyRmFzh5Jj,228375,4
267,0.483,0.0455,0,-27.507,1,0.0534,0.995,0.914,0.117,0.681,123.946,0lcWJwNwjB6XSNOulUBa0T,71250,4
268,0.748,0.045,7,-19.795,1,0.0881,0.996,0.97,0.109,0.244,98.449,03XFziNAcPbc4VuIr4W7Al,195918,4
269,0.415,0.0147,0,-27.323,1,0.0401,0.996,0.905,0.106,0.675,102.604,4kTSPJfl2gi5b7a0Ftvsw3,83000,4
270,0.474,0.0155,9,-24.728,1,0.0746,0.996,0.94,0.127,0.617,66.718,6XJZtzzzMgTDjBiQyRODmm,134659,4
271,0.543,0.101,0,-19.653,1,0.0942,0.995,0.966,0.096,0.69,77.684,3c7mj4wyu7FrChZCx9L8aA,167958,4
272,0.338,0.0612,2,-25.0,1,0.0431,0.993,0.948,0.105,0.251,105.402,3PR9kbQzYhpHHAgI2Vyagq,213750,4
273,0.667,0.017,2,-24.049,1,0.0839,0.996,0.96,0.0844,0.783,140.776,3wGWKifyuexfA7YSCx0lS1,127483,4
274,0.565,0.0843,5,-24.145,1,0.0448,0.994,0.947,0.12,0.44,86.022,2TOQzMaEqVVhdeheBVLOMm,183686,3
275,0.639,0.0587,0,-22.292,1,0.0518,0.994,0.951,0.123,0.213,75.902,2V6g5J8UePNeUkY5a2jCTn,141701,4
276,0.662,0.0351,11,-23.876,1,0.0711,0.994,0.959,0.12,0.563,69.984,1RdiFaIb5UgikOH2IZJHot,105107,3
277,0.298,0.0037,4,-30.052,1,0.0386,0.994,0.932,0.102,0.134,70.806,3mBy5mXHvUJ7sRr9Bz7zK9,189713,4
278,0.681,0.0419,0,-20.065,1,0.0833,0.994,0.952,0.114,0.201,66.005,1DSASw2UZSNl5r9pgxc6KW,147782,4
279,0.566,0.543,5,-4.485,1,0.0314,0.613,0.0,0.106,0.299,89.937,4Xbotg4PCLJw9cDx2dtZLK,209965,4
280,0.35,0.636,7,-8.158,1,0.0746,0.444,0.0,0.0811,0.208,95.162,437eNQXusBT4q9q3f34oW9,217997,4
281,0.698,0.301,3,-13.063,1,0.03,0.82,2.16e-06,0.2,0.474,115.643,5aaUXcrsXI477I93yBE8lu,124387,4
282,0.323,0.405,10,-8.533,0,0.0413,0.849,0.000544,0.138,0.274,145.104,3Z0oQ8r78OUaHvGPiDBR3W,194848,5
283,0.59,0.388,5,-9.288,0,0.033,0.603,0.0,0.107,0.506,142.961,3gy8PSkBSyvPyWZazgQn0F,166200,3
284,0.376,0.43,0,-6.585,0,0.0328,0.0902,0.0,0.0912,0.129,77.599,1v6svH1Fyx9C1nIt1mA2DT,177323,3
285,0.639,0.666,0,-7.775,1,0.0636,0.271,0.0,0.111,0.372,98.384,0HL3y3bsKSARBSP0qaImwb,213733,4
286,0.688,0.732,2,-6.162,1,0.0618,0.0536,0.0,0.145,0.665,97.703,5f2TWu6R2YYCJtLQ0fP78H,155532,4
287,0.642,0.742,5,-8.211,1,0.0401,0.439,0.000656,0.126,0.897,106.235,7tSODhfDkv0JEhkSMYSIBS,125787,4
288,0.456,0.828,1,-6.225,1,0.077,0.0244,0.0,0.21,0.313,116.719,421eObjg0DTm2qajJl5OJm,189132,4
289,0.453,0.246,2,-7.498,1,0.0365,0.801,0.0,0.106,0.324,75.174,5IZU5UmMN4Q1up8pnW2hWL,101176,5
290,0.474,0.489,6,-7.625,0,0.0342,0.467,0.0,0.119,0.23,124.844,0XPsOSYzDJZJArevQNm2AR,208801,4
291,0.409,0.765,10,-5.674,0,0.104,0.0574,0.0,0.0922,0.365,97.383,1Pt2STlAgfB1CiEV8mf3CN,209667,4
292,0.689,0.533,6,-14.205,1,0.0544,0.321,7.37e-05,0.0958,0.898,98.801,0qxtQ8rf3W1nId3D2r0xH4,170880,4
293,0.302,0.414,2,-8.16,1,0.0319,0.0575,0.0,0.0861,0.105,110.508,4U9CF27YlwHRtUGKUzhUTT,242956,4
294,0.672,0.322,7,-17.669,1,0.0339,0.144,3.07e-05,0.074,0.498,113.849,28UMEtwyUUy5u0UWOVHwiI,201680,4
295,0.716,0.159,5,-12.905,1,0.0422,0.96,0.000467,0.113,0.409,95.931,4LMBbdkL1YCzC2d4k39Ulu,59016,4
296,0.689,0.333,0,-12.134,0,0.0307,0.817,5.13e-06,0.285,0.471,115.835,2stkLJ0JNcXkIRDNF3ld6c,124160,4
297,0.228,0.204,5,-12.319,1,0.0387,0.926,1.1e-05,0.092,0.195,83.372,1KkVYSqXosoiQmJmto0VAw,125439,4
298,0.531,0.723,0,-4.466,0,0.0591,0.0381,1.46e-06,0.249,0.853,143.917,0mL1awDtKnXGZUVE2ijGIc,83187,4
299,0.68,0.463,5,-15.29,1,0.165,0.718,0.0,0.0985,0.858,99.662,4qqfI5oNO53a6W7nWfutKH,195147,4
300,0.668,0.538,9,-8.758,1,0.0354,0.287,7.64e-05,0.0807,0.146,109.886,3a24rUSZ1Ui3xmPNnqpor8,105013,4
301,0.571,0.307,1,-10.958,0,0.0499,0.649,0.0,0.178,0.108,83.72,6mb6lVLNrcUgLnEN8QnDJd,163387,4
302,0.543,0.485,8,-6.85,1,0.0305,0.558,0.0,0.12,0.371,136.961,600HVBpzF1WfBdaRwbEvLz,223840,4
303,0.403,0.598,8,-5.735,1,0.0241,0.198,0.0,0.101,0.294,75.592,227zkOoNpqRrzEPxvVRiF5,185232,4
304,0.301,0.316,9,-10.81,1,0.0345,0.706,0.0029,0.0751,0.149,102.32,1UU3IpxOVpjjHdoQjchpgX,177293,4
305,0.309,0.544,9,-9.621,1,0.352,0.155,0.000265,0.0727,0.16,180.979,5EbX5xL3O2xT8FxCpYzgUO,175517,4
306,0.446,0.587,2,-6.634,1,0.0413,0.565,0.000478,0.143,0.61,128.908,4ljlAxfaEjO4Q4g9FMtVj4,109280,4
307,0.601,0.528,9,-8.691,0,0.0867,0.0902,0.000114,0.0305,0.499,105.5,2ifRmHoyg1f2pUtFhlqrn2,100533,4
308,0.62,0.496,7,-7.509,1,0.133,0.597,1.36e-05,0.322,0.636,126.032,0OFknyqxmSQ42SoKxWVTok,112205,4
309,0.218,0.124,9,-17.112,1,0.0326,0.88,0.00159,0.0845,0.172,86.614,2rm72l5pjfby1cWvPMUojI,194160,4
310,0.64,0.391,0,-6.849,1,0.0468,0.161,0.0159,0.204,0.358,79.528,7kyoJDOSu5qz5UgzHSdUyr,90987,4
311,0.362,0.338,9,-9.321,1,0.0393,0.806,0.0,0.3,0.389,93.999,2fKpTXKdpvi5BqH7leAUEU,149640,4
312,0.283,0.227,0,-15.793,1,0.0366,0.846,2.08e-06,0.1,0.128,121.419,1hwdPQtFHISvZ9SXMkNrIK,160800,4
313,0.281,0.139,5,-14.392,1,0.0305,0.829,0.0,0.0725,0.169,92.64,6klpXs2uAjagnZMFkt4qkl,224240,4
314,0.689,0.578,9,-8.737,1,0.0368,0.36,0.0,0.11,0.391,98.043,6YH2r9NyEJTjlRmKOCvxgJ,141413,4
315,0.754,0.419,10,-13.839,1,0.129,0.932,2.78e-06,0.188,0.776,108.619,0tZqXCvOx44WKqcgEZtIRl,82467,4
316,0.306,0.132,5,-19.31,1,0.0538,0.787,0.0,0.57,0.473,78.46,5E8yddtSG3sH4hw2SfwcgW,177787,4
317,0.355,0.631,6,-8.578,0,0.111,0.176,0.0,0.291,0.331,175.831,43V0M25s38QirpBlSJf6qU,225013,4
318,0.601,0.415,7,-13.701,1,0.386,0.68,0.0,0.341,0.559,112.527,5YWSlrbFrK7X0ENL0uK9Uz,245957,4
319,0.246,0.0655,9,-19.549,1,0.0456,0.96,1.38e-05,0.093,0.191,65.136,6BK8BcFxMFr3JVUaAOZsYC,223893,4
320,0.387,0.132,5,-15.142,1,0.0386,0.914,0.000707,0.281,0.323,100.0,5J4pDyvjRrYfcgHetKjKSj,195493,4
321,0.338,0.173,1,-17.028,1,0.0433,0.926,0.00153,0.113,0.229,108.949,1O841LULHXexH8W7fqtctA,214533,4
322,0.392,0.426,6,-6.82,0,0.0386,0.686,1.35e-06,0.0984,0.422,70.886,4UoYb2HJklHzXbVA5klJGt,118833,4
323,0.447,0.321,0,-12.791,1,0.0378,0.898,5.72e-05,0.223,0.413,123.324,6HaNTjaI6LAvsCinW1PTjK,174879,4
324,0.627,0.635,6,-8.584,1,0.0328,0.000347,0.00131,0.088,0.254,90.009,4Bi2qsF5AWin93USPh5fQK,212112,4
325,0.671,0.225,0,-16.569,1,0.0493,0.661,0.0,0.102,0.717,134.852,6CDiKAFgbWXlwQTU59GKYT,163387,4
326,0.366,0.35,4,-17.313,1,0.0629,0.564,0.0,0.281,0.851,175.864,3wjgPeXocinhLyPL37p70e,146053,4
327,0.568,0.746,8,-6.582,1,0.0293,0.0549,3.66e-06,0.0966,0.626,96.626,6LBfozDVA7crIeuaPAVVlE,258147,4
328,0.405,0.62,0,-6.806,0,0.142,0.0419,1.38e-05,0.108,0.48,195.881,2cOE7d35PyfAh9M7DglPk0,201342,4
329,0.611,0.553,0,-6.681,1,0.0328,0.415,0.0,0.497,0.573,84.996,3pCgIUkmRHKydu9HE03QKY,164453,4
330,0.372,0.641,2,-7.954,1,0.047,0.137,0.0,0.103,0.33,119.013,5yyqx4brn6Bm9U1Rj9ENnz,151400,3
331,0.36,0.205,10,-11.576,1,0.0477,0.571,0.0,0.0797,0.232,148.985,6uk7QQiWRDjPHSiSMZlez8,162827,4
332,0.306,0.121,0,-15.551,0,0.0554,0.85,0.000176,0.257,0.166,174.053,7Ctju5iILqGbvMKG6CgTl9,206507,4
333,0.432,0.392,8,-9.519,1,0.0462,0.597,0.0,0.0937,0.328,129.12,30UNAz40wbR8CnLMZkCLe7,208376,4
334,0.479,0.554,6,-6.999,1,0.0272,0.141,0.0,0.101,0.253,81.335,2puvHN4yqIuespGSmjq95T,227928,4
335,0.663,0.564,6,-8.768,1,0.0427,0.207,0.000269,0.364,0.72,92.977,3YOMW7b5F56UVmPGzR1CzZ,99005,4
336,0.702,0.624,5,-9.927,1,0.0285,0.314,0.0152,0.0669,0.947,114.542,7GmiJVBAzWNikX5VkNQg85,208227,4
337,0.577,0.381,8,-10.928,1,0.168,0.816,0.0,0.216,0.498,117.57,5ollDCofTmRZN0Bbhz4EDW,262640,4
338,0.524,0.609,7,-13.03,0,0.401,0.607,0.0,0.126,0.948,80.232,05miM6U3bpqzG5BRr0C8FF,123027,4
339,0.514,0.774,7,-5.569,1,0.279,0.343,0.0,0.28,0.604,116.037,685FssvXssY1hyIZWDb7WX,159533,4
340,0.506,0.589,11,-6.594,0,0.0712,0.49,0.0,0.239,0.522,111.347,1xfW7zqJPRR5Jr9b1zWXJ3,265787,3
341,0.616,0.667,7,-5.606,1,0.183,0.201,0.0,0.282,0.67,91.008,2JxTIvfbuN6ucvqOBBhk3Z,182907,4
342,0.549,0.488,0,-7.582,1,0.0483,0.809,0.0,0.0877,0.318,123.811,6A1Dzh6bMR2JcIARgJNHB0,333265,4
343,0.427,0.593,9,-7.62,1,0.06,0.418,0.0,0.0733,0.531,113.659,54GzAEHI6jB08MQmbOHq3b,288763,4
344,0.577,0.658,8,-6.818,1,0.104,0.369,0.0,0.118,0.962,103.291,6fIKi0kU1gZwyNGMlE4Zl6,180707,4
345,0.454,0.655,4,-6.71,0,0.247,0.24,6.2e-05,0.106,0.182,170.381,3hE9T8H1jzSS0SxLNtUtKl,209667,4
346,0.443,0.406,5,-9.064,1,0.0391,0.00903,0.0,0.0979,0.0558,80.896,38SueFAjT6jtFneyoQamYi,273120,4
347,0.76,0.941,1,-6.356,1,0.0688,0.0451,0.0,0.649,0.805,116.013,0cqNGWvuukhCiKvEX7utys,231427,4
348,0.428,0.286,4,-10.851,1,0.0376,0.937,0.000101,0.0789,0.608,127.048,40oUxbmsYW6a62kmuJgsEv,208107,4
349,0.477,0.179,8,-17.071,1,0.0356,0.908,0.000458,0.213,0.605,172.046,1va0w9M5N3w2xhCeXGQAZ0,168827,4
350,0.485,0.33,7,-12.091,1,0.0339,0.919,0.0541,0.117,0.435,176.153,0wc2Tvr3N1y1n8ovv21XWy,157312,4
351,0.676,0.16,0,-13.6,1,0.039,0.928,7.58e-05,0.0762,0.661,85.098,0Cll7d8lmNn05ZOVm5l5va,304467,4
352,0.581,0.143,9,-16.273,1,0.0401,0.65,0.0,0.104,0.469,144.605,7raciFPVU5VuHmqVbw2c1h,208560,4
353,0.401,0.206,11,-13.684,0,0.0377,0.934,6.93e-05,0.16,0.476,106.246,6UCLWz7yZsDW5g4G6TbATn,136053,4
354,0.747,0.309,0,-10.297,1,0.0305,0.901,0.000314,0.147,0.471,111.001,0kiLpHNyBNkW1hr1guDYHc,168799,4
355,0.787,0.759,9,-10.134,1,0.266,0.0119,0.0,0.212,0.914,157.683,26ZQEwWXfK0B3JTvjTOr75,117933,4
356,0.642,0.267,6,-12.82,0,0.0607,0.759,0.00679,0.191,0.346,77.507,1eQO6u5JlWh6G6TChvUdWS,160827,4
357,0.876,0.528,8,-9.417,1,0.113,0.818,0.000183,0.119,0.488,105.925,3HZj9sJWp7mBK8JWSZvGC9,81877,4
358,0.654,0.306,4,-7.278,1,0.19,0.925,0.0,0.106,0.972,185.78,0brcPEEXtaXOD9jPZs639u,107907,4
359,0.628,0.423,9,-11.231,1,0.0365,0.326,0.0,0.16,0.353,100.082,6R9LiK1WhfnTvFsVfusdQl,121053,4
360,0.73,0.335,2,-8.2,1,0.0802,0.679,0.0,0.26,0.73,147.794,0PursvcXaOfKR79VxOOSDV,74933,4
361,0.964,0.554,5,-10.215,1,0.0598,0.29,0.0,0.0911,0.855,118.124,4Xn2RsLiDUDisOgJ24FigK,93559,4
362,0.909,0.271,7,-10.054,1,0.0572,0.933,6.81e-05,0.131,0.749,113.29,3F7hlXt0v4hORe0EzSJ9om,170053,4
363,0.67,0.454,2,-12.121,1,0.0523,0.483,0.0,0.16,0.596,106.05,42asoM3aOwxRsivZEKFEeI,101267,4
364,0.562,0.144,8,-13.751,1,0.0803,0.455,0.0,0.102,0.869,204.418,6jTZGXH1cOQM3jhh07ZE1y,128213,4
365,0.781,0.478,9,-10.54,1,0.0855,0.0109,1.01e-06,0.0399,0.643,73.962,26JRni5Lqiyd9GNnlaz6DI,180533,4
366,0.506,0.271,2,-10.234,1,0.0277,0.769,0.0,0.111,0.337,123.861,1awrgXeSM9rCjdZaVmWeU6,163173,4
367,0.497,0.0919,3,-15.685,1,0.0704,0.968,0.00214,0.133,0.548,206.431,7CNaYAdLyi86kofGafReiT,139693,4
368,0.535,0.295,4,-15.978,1,0.0349,0.847,0.000112,0.822,0.781,130.987,4iqH98UJzbmo9CnrjTxBSJ,151267,4
369,0.662,0.359,5,-10.437,1,0.0317,0.663,0.0,0.119,0.757,77.918,6x28Wyl6aWusAfnywEyBIl,138173,4
370,0.638,0.0687,5,-13.655,1,0.0368,0.912,8.57e-06,0.11,0.127,82.687,7I8OOfdIvHnvLUJ09BQBU3,102147,4
371,0.545,0.283,2,-7.919,1,0.0273,0.811,0.0,0.0513,0.323,129.854,5hYtQrZ1FNsfAWKA52x7Pv,157600,4
372,0.477,0.104,6,-14.96,1,0.0298,0.98,3.16e-06,0.12,0.542,96.927,1dlJCWx76cJKTsILnljLYs,158840,3
373,0.839,0.393,10,-7.386,1,0.0319,0.513,0.0,0.106,0.97,105.011,6ogsWVgdiDhjR0NgfEdKsz,85067,4
374,0.642,0.454,6,-8.419,1,0.0344,0.581,0.0011,0.112,0.413,86.967,579El11n6O3biw8XjOPQ8x,181805,4
375,0.784,0.486,5,-7.538,1,0.0352,0.694,0.0,0.253,0.549,110.051,1SmPKOtxa32VN7aadce3S5,127333,4
376,0.673,0.0619,7,-16.056,1,0.0635,0.611,0.0,0.137,0.594,90.584,1AySRjZeiPeJpf487K2lwK,131480,4
377,0.669,0.521,2,-10.237,1,0.41,0.995,0.00643,0.154,0.971,91.458,5hZ7N5EWJWmvDJyDPMmWU5,113267,4
378,0.648,0.322,2,-11.502,1,0.0462,0.993,0.000705,0.311,0.537,52.982,5lnZ9EZ8GhNi1X5Rt6K0E4,49920,4
379,0.647,0.215,9,-11.893,1,0.0518,0.668,0.0,0.104,0.879,119.989,3DbS4Shq7IdjMmenXRfzGg,115880,4
380,0.438,0.125,0,-15.719,1,0.0429,0.924,0.0,0.168,0.679,174.271,7CWSwa1pIvWOC9tEddY1cQ,63653,4
381,0.753,0.571,7,-5.867,1,0.0261,0.581,0.000437,0.118,0.925,109.1,30GOP0aVgbqy1tJw3YmjR3,94733,4
382,0.53,0.397,4,-10.352,1,0.0603,0.953,0.00493,0.31,0.795,137.893,3nj18sxe1CA0eohDsDirrm,77520,4
383,0.728,0.0392,0,-22.703,1,0.0354,0.964,0.0431,0.167,0.484,97.764,2Qu65QrO1DiWVJIteOD9ri,71160,4
384,0.544,0.312,4,-12.146,1,0.0266,0.883,0.236,0.134,0.505,91.974,4uZ4gkFvrJFwiMLV3b3ob2,125667,4
385,0.566,0.525,6,-8.809,0,0.0433,0.991,0.148,0.169,0.886,125.028,1ycZhe1J06t6RZ0OK383f6,175373,4
386,0.722,0.821,2,-4.542,1,0.0272,0.0379,0.0,0.445,0.859,104.817,6hHg2WvX0JYQt8Sw2qTAoP,260853,4
387,0.806,0.287,7,-8.29,1,0.0346,0.832,0.0,0.113,0.779,104.212,2ajPDldJr8RicylhXAwbnh,157307,4
388,0.742,0.336,5,-14.086,1,0.0462,0.82,0.000108,0.211,0.892,90.835,3xZ0xSnBXCCnhANkmbg4YT,85667,4
389,0.779,0.393,7,-8.663,1,0.0391,0.753,0.000384,0.0978,0.943,168.708,02Z2gq39hAcWux2Cbhfjsg,143480,4
390,0.833,0.377,8,-10.288,1,0.0545,0.714,0.000273,0.121,0.794,107.585,1ZLcb3xbst0LEkwinZ7R3Y,62372,4
391,0.664,0.331,11,-10.413,0,0.0386,0.665,5.42e-05,0.0532,0.222,126.782,5qRrrhYkzHAjF5XRlmGGzT,268347,4
392,0.638,0.0689,4,-16.222,1,0.0659,0.966,1.31e-06,0.102,0.695,120.16,1nMfKWeftqlpOoskmNJxyJ,141507,3
393,0.697,0.248,2,-10.339,1,0.0654,0.945,4.73e-06,0.739,0.608,130.988,4kdf9wUqVfbHwRYBAxe36n,169467,4
394,0.402,0.107,6,-14.294,1,0.0337,0.92,5.63e-06,0.111,0.105,104.226,34asBi7nw42YEdVblXlb4v,138933,4
395,0.701,0.158,7,-19.357,1,0.165,0.865,0.461,0.113,0.616,71.169,7Bj9hysNfSkpr0bfR1UJ0N,95427,4
396,0.737,0.252,5,-11.744,1,0.0414,0.914,4.52e-05,0.095,0.92,120.125,4MNLnqzsdMNcycrR3h5Lf5,198200,4
397,0.646,0.247,0,-10.288,1,0.0253,0.897,3.35e-05,0.105,0.297,96.072,3gt92ML8F3iDyd0mwGcHz0,260027,4
398,0.688,0.777,4,-4.427,1,0.0399,0.109,0.000172,0.0972,0.889,89.99,3YbyGGXGLp1O5dwJXmgwxF,193600,4
399,0.691,0.136,2,-16.086,1,0.0616,0.994,0.0492,0.154,0.742,113.544,2BxQTBn9PvfdnMJ1frMHA5,196560,1
400,0.736,0.371,4,-10.083,1,0.036,0.882,0.00474,0.095,0.492,113.81,4HEzo4s9z3iE6FGzT3XP3y,181240,4
401,0.531,0.162,2,-15.189,1,0.0886,0.879,0.00761,0.125,0.886,182.553,4gHHytUVWdfPumbJA9AizA,123493,3
402,0.46,0.414,3,-9.228,1,0.0607,0.77,0.0,0.0845,0.591,154.143,2bPcvz0qVLImBAQQwJCEKb,194507,4
403,0.551,0.482,0,-9.121,1,0.041,0.231,0.0,0.165,0.812,179.383,0wt197TdlVZz8H2qxTvQdS,150907,3
404,0.773,0.398,0,-12.584,1,0.135,0.702,0.0,0.0771,0.613,120.058,7uI5zcdJKh6sWgXsTsUNzw,159533,4
405,0.752,0.388,2,-10.221,1,0.0892,0.682,0.0,0.113,0.691,125.461,2RSMt7gFKGY6aL7K0JNM3N,145427,4
406,0.855,0.258,7,-15.157,1,0.404,0.769,0.0,0.128,0.865,113.954,046AO6ZBgRPwA52YufDUIx,113667,4
407,0.741,0.452,10,-14.175,1,0.0432,0.858,0.44,0.141,0.888,101.962,12UzZ50VlCOUfGy4AN4Ifp,193227,3
408,0.39,0.286,0,-13.726,1,0.0521,0.82,0.0,0.251,0.415,80.775,2WVsQMKqEttZBzkL6hdvsx,240093,3
409,0.342,0.384,4,-14.444,1,0.0411,0.479,0.00297,0.336,0.828,186.557,0C4KwX7o6nHvZwiBrutqAO,139040,4
410,0.624,0.184,7,-13.105,1,0.0327,0.915,1.38e-06,0.115,0.356,129.038,0RcOyACUtCAgCglC9tPlqK,178373,4
411,0.461,0.127,2,-18.864,1,0.0324,0.958,0.000258,0.691,0.53,139.921,7MjYIqk3plWn2CHz9SFozd,161667,4
412,0.851,0.458,2,-10.965,1,0.0484,0.38,4.11e-05,0.102,0.572,140.08,77tu5ZdU2IPNpHoAQQgyWA,213734,4
413,0.86,0.618,2,-5.841,1,0.0331,0.438,0.0,0.229,0.911,104.079,3SbOjVO4kaVgh3JxGaTMaB,156187,4
414,0.858,0.331,0,-9.551,1,0.0354,0.548,0.0,0.0948,0.697,113.299,3YPwfZNGB2NuFhXVail7c8,145853,4
415,0.518,0.069,0,-21.277,1,0.0447,0.974,0.0711,0.114,0.305,123.085,0gb4qwhAFCLTEnsbiBTCMG,90662,4
416,0.772,0.526,2,-9.161,1,0.0388,0.499,4.4e-05,0.0467,0.972,144.941,6nvLkyb1TY3HXlOYx7hz2M,109867,4
417,0.598,0.512,4,-7.717,1,0.0264,0.85,0.0,0.136,0.63,84.842,0IjbQr3DnBtbe32g6oKnki,184973,4
418,0.921,0.71,11,-6.868,0,0.434,0.522,0.0,0.165,0.777,115.115,5k71IudErIAnPklwCbgbgR,97667,4
419,0.78,0.666,7,-4.913,1,0.0436,0.11,0.0,0.117,0.539,112.998,1Iop545mi48sE8mNNbxEuy,132708,4
420,0.745,0.177,0,-11.342,1,0.0705,0.991,0.955,0.074,0.689,74.992,03c1FZqD6XhciDO6yQNMjn,103693,4
421,0.694,0.146,9,-16.072,1,0.0345,0.901,0.00366,0.105,0.295,93.788,4dJEKzBZLrdF7dzeixyrIF,276760,4
422,0.78,0.113,5,-12.437,1,0.0404,0.958,1.17e-05,0.0934,0.347,112.956,3dFGpnWAmh6RiSJsmp24Qu,128496,4
423,0.595,0.288,8,-18.556,1,0.0376,0.866,0.00015,0.126,0.412,143.858,0zAI2qtXyhwuTDClivPG7a,215107,3
424,0.16,0.145,11,-20.495,0,0.0359,0.941,0.0919,0.103,0.0946,173.443,2wCRJwiL1WSrW0Dwfco7Nj,72627,1
425,0.7,0.686,0,-3.421,1,0.123,0.115,5.17e-06,0.0909,0.765,88.028,4M6J054pKRf3ckRXmi4qio,136141,4
426,0.306,0.121,0,-15.551,0,0.0554,0.85,0.000176,0.257,0.166,174.053,2yi7HZrBOC4bMUSTcs4VK6,206507,4
427,0.461,0.38,0,-8.928,1,0.0275,0.0581,0.0,0.396,0.534,134.694,2Dts3z8MywnsW1DkHEkYMN,123467,4
428,0.543,0.485,8,-6.85,1,0.0305,0.558,0.0,0.12,0.371,136.961,0qcr5FMsEO85NAQjrlDRKo,223840,4
429,0.682,0.192,7,-15.23,0,0.0367,0.812,0.305,0.103,0.721,76.94,36jJo5n5etzL8cjDZPzvkZ,132957,4
430,0.775,0.401,2,-9.142,1,0.0407,0.573,4.76e-06,0.109,0.782,122.904,3pKJorxzBf2Mad3wfm8iGY,154640,4
431,0.36,0.205,10,-11.576,1,0.0477,0.571,0.0,0.0797,0.232,148.985,6uk7QQiWRDjPHSiSMZlez8,162827,4
432,0.569,0.0339,9,-16.608,1,0.0344,0.958,1e-05,0.108,0.496,73.302,7tENydudpJ6js1OHUYit7w,153606,4
433,0.737,0.637,6,-6.308,0,0.0735,0.262,0.0,0.319,0.537,100.033,3IPnBzGRMg6BfViFxxa0Gq,124733,4
434,0.684,0.311,2,-11.617,1,0.195,0.535,0.0,0.054,0.795,112.834,2tvxS6fcbjWTSdFyOIdQqR,163787,4
435,0.776,0.256,11,-12.589,1,0.0511,0.867,0.0,0.187,0.753,100.101,52Q3EaDFDHVqKyYvza7pko,128800,4
436,0.6,0.185,1,-16.663,1,0.0281,0.567,0.928,0.1,0.344,155.912,6EeYBu8RautSHkqJeWgKff,223478,4
437,0.511,0.607,7,-6.668,1,0.0489,0.534,0.0,0.088,0.352,166.067,1kSXcBwgqVZH81sq3BWdKq,190640,3
438,0.581,0.28,5,-14.074,1,0.0323,0.6,0.0274,0.0975,0.519,119.957,5N6QLZXaOYvcEj10YqZlzJ,142153,3
439,0.849,0.732,0,-8.128,1,0.0379,0.314,0.0,0.105,0.679,127.968,2IpvzISpbaoqTErnNGS4ec,178781,4
440,0.354,0.411,0,-6.018,1,0.0344,0.815,1e-06,0.106,0.43,90.831,70b5Sq3ePOu3Gqg0hjlOtR,225080,4
441,0.869,0.883,11,-8.47,1,0.113,0.289,0.0016,0.0284,0.894,89.943,1ph896GgNlrt3auIX2iJK3,96080,4
442,0.606,0.444,5,-6.411,0,0.172,0.496,0.0,0.0858,0.906,86.788,3XRSw1WELRPB3yJV9NtN0U,207133,4
443,0.692,0.195,9,-16.354,1,0.0332,0.738,0.187,0.1,0.545,147.92,474MkeSvvJtO7bnzRy6qw3,170344,4
444,0.726,0.804,5,-6.584,0,0.0519,0.153,0.0,0.232,0.976,167.016,79BrYmFDbHnqj16M63jgYU,131667,4
445,0.674,0.187,9,-12.299,1,0.0372,0.84,0.0,0.0725,0.734,95.109,7tBhKomsIxF7pTkVDnh6sa,184973,4
446,0.723,0.347,4,-7.951,1,0.0438,0.842,0.0,0.394,0.865,128.118,4inKpFJUU3iES0WwU0zGIN,151627,4
447,0.442,0.933,9,-5.904,1,0.159,0.37,0.0,0.326,0.637,177.197,6Y9H6V0X5qzMBVf0AafmNw,208400,4
448,0.52,0.79,7,-4.79,0,0.157,0.129,0.0,0.181,0.352,196.038,36iY5792JQZwzqJqfsNCaJ,158507,4
449,0.297,0.225,0,-15.776,1,0.0347,0.846,3.67e-06,0.0992,0.131,126.662,506nvAQgHmkGd13ipZuBwo,160800,4
450,0.833,0.806,10,-4.858,1,0.266,0.17,0.0,0.497,0.914,139.924,2kJqmtDEyykUDdjfamKKlV,155267,4
451,0.464,0.845,6,-2.927,1,0.0508,0.0297,6.4e-06,0.302,0.437,75.029,348qSa1KejmhpWgCpsfSxb,194253,4
452,0.616,0.667,7,-5.606,1,0.183,0.201,0.0,0.282,0.67,91.008,2JxTIvfbuN6ucvqOBBhk3Z,182907,4
453,0.673,0.426,0,-7.809,1,0.0475,0.689,0.0,0.135,0.735,134.851,4F1fdteEm8Oe2GNUA7ON5S,162200,4
454,0.284,0.704,2,-7.276,1,0.186,0.00583,0.000115,0.0424,0.1,191.702,45aBsnKRWUzhwbcqOJLwfe,234707,4
455,0.749,0.831,11,-5.309,0,0.0734,0.243,0.0,0.322,0.822,128.06,01vWrOtEdzlQorEhifVUo3,174040,4
456,0.505,0.624,7,-6.513,1,0.0371,0.0235,0.0,0.5,0.215,139.849,1A2PVHd6kWaMlaJVkMfXmz,224387,4
457,0.68,0.88,7,-4.641,1,0.188,0.0479,0.0,0.11,0.937,160.008,2KeBQhQAT2sGOOJHLKQbbZ,208267,4
458,0.6,0.663,3,-5.802,1,0.0477,0.225,0.0,0.119,0.286,121.07,4nVBt6MZDDP6tRVdQTgxJg,245493,4
459,0.811,0.769,0,-6.1,1,0.296,0.147,0.0,0.0804,0.963,123.084,3PJghI265in3OvDEWRWsPb,63293,4
460,0.788,0.615,1,-7.911,0,0.251,0.0828,0.0,0.166,0.692,94.902,1LFNDqctH9kW67dod0zo4Q,233187,4
461,0.527,0.868,2,-6.136,1,0.0287,1.28e-05,0.0247,0.229,0.643,105.987,3xZek9XkEaX130o3XN9cvd,174027,4
462,0.473,0.604,7,-4.034,1,0.0337,0.0376,0.0,0.103,0.271,123.848,6rjnRocdCULjLF61x2NR5e,232000,4
463,0.696,0.317,3,-12.512,1,0.0307,0.781,1.47e-06,0.213,0.477,115.958,2O8YJmOg9lOgn5JNHF9Qi9,124867,4
464,0.69,0.618,10,-7.523,0,0.0323,0.00636,0.0,0.0364,0.858,96.037,6DqdrSzgdJp9vdcoRebrW7,204000,4
465,0.474,0.556,6,-9.268,0,0.174,0.496,0.0,0.146,0.57,174.074,6OtIXt7SFg2D31tJgfHEPW,229587,4
466,0.408,0.313,0,-18.09,1,0.137,0.617,1.18e-05,0.115,0.725,170.013,5k3U0OGYBccHdKJJu3HrUN,213600,4
467,0.631,0.767,0,-2.918,1,0.0286,0.498,0.0868,0.0668,0.934,100.007,1QFMJwyEfgJ9mlmyhYWj71,105600,4
468,0.632,0.526,7,-8.039,1,0.0577,0.0316,0.0,0.261,0.8,86.016,1wLoFYjmq7woIMIJ3uPVR9,192333,4
469,0.71,0.646,7,-6.386,1,0.0359,0.157,0.0,0.33,0.677,118.048,0DDewkSdyWfEpNIKlvHoLF,157307,4
470,0.725,0.804,8,-7.84,1,0.0393,0.426,0.000504,0.108,0.961,93.668,01gwPP2h3ajRnqiIphUtR7,177427,4
471,0.585,0.911,11,-4.623,1,0.119,0.0263,0.0,0.112,0.781,163.933,5e3UWcbvTaF5CJWu81MqlQ,195733,4
472,0.646,0.808,6,-7.142,1,0.0764,0.293,1.08e-05,0.118,0.848,77.507,65UlLNSwnKaRTmdDz4OtYX,232107,4
473,0.444,0.662,1,-5.109,1,0.0611,0.501,0.0,0.19,0.245,81.282,2S90Y7lvO1JdLfH3PiDHk8,150813,4
474,0.309,0.181,10,-17.022,1,0.0337,0.87,0.000279,0.118,0.146,124.711,0EANX0OVKSCcmarY50Xa4p,241013,4
475,0.23,0.292,2,-12.563,1,0.0363,0.953,0.0327,0.387,0.0872,93.414,2dOEpk41Yoe2HEDF1pNcoR,195187,3
476,0.687,0.453,1,-8.267,1,0.0258,0.6,0.0,0.0965,0.437,82.987,6su14iUXShlMI5SnEkwe4J,129227,4
477,0.647,0.823,2,-5.231,1,0.0762,0.0598,0.0,0.119,0.396,99.933,3DnzEB8Ffnp5sjnCbOugUX,230333,4
478,0.732,0.9,0,-4.957,1,0.0626,0.0753,3.68e-05,0.128,0.694,106.998,22k97IzqwfJvz1Fk0C5nW1,167293,4
479,0.53,0.931,5,-3.006,1,0.0521,0.000212,0.0,0.0805,0.491,137.008,3EQ3xbQizgROebPrp8mDf3,187292,4
480,0.668,0.782,7,-5.518,1,0.0925,0.0137,0.0,0.247,0.913,85.352,19m3CyoifSlSRKCVXhyMSg,78920,4
481,0.715,0.457,5,-15.379,1,0.129,0.701,0.0,0.0902,0.853,99.957,5ts818owahWjkhiBgMwlCX,195467,4
482,0.428,0.517,7,-8.068,0,0.0862,0.935,2.68e-05,0.187,0.504,105.435,2KNt0BWMJwB8uEqus75mRB,151533,4
483,0.561,0.936,5,-5.409,1,0.0613,0.00185,0.0,0.102,0.594,103.055,02SjT88MukDOa9KuuRuODY,276773,4
484,0.749,0.429,2,-8.908,1,0.321,0.915,0.0,0.617,0.954,80.325,0gdLTqxAY4DDUQxXzmwj1z,84827,4
485,0.357,0.125,3,-15.509,1,0.047,0.852,0.000361,0.252,0.16,145.505,6Oiyl1qV9r2rbWsD6pCMLt,206507,5
486,0.606,0.775,0,-5.667,1,0.0533,0.008,3.97e-06,0.125,0.867,171.001,0e5xc0NhC8ijMtVlH3LHl8,180666,4
487,0.784,0.51,9,-6.546,1,0.0405,0.0667,0.0,0.0773,0.526,135.909,3QpAo1aiTUVgsQBR8KmNHO,110347,4
488,0.716,0.945,1,-3.414,0,0.0511,0.00219,0.0,0.302,0.763,123.009,2GcdfWGil49CTVzkOuvoNa,184466,4
489,0.781,0.669,9,-5.051,0,0.031,0.0343,0.0,0.0646,0.909,117.033,2nf8SNVB5RbiOOayewJk1K,169813,4
490,0.793,0.715,2,-4.514,1,0.0387,0.0677,0.000109,0.116,0.945,110.925,3g3hE3WICIm03TSO4AUxfZ,187040,4
491,0.755,0.682,4,-5.645,0,0.125,0.141,5.98e-06,0.104,0.581,113.054,7uUoIcJ1AtYuU9TW7eqsgh,206013,4
492,0.775,0.407,4,-5.159,1,0.0295,0.81,0.0,0.154,0.266,109.999,6AYpIvWYcQZ1RXEic9L9eX,185827,4
493,0.829,0.556,0,-7.679,1,0.0587,0.0379,5.83e-06,0.0589,0.435,105.016,6BNGZGr0DktTX8RgXyz9pW,191960,4
494,0.684,0.413,6,-11.192,0,0.0399,0.823,0.00289,0.108,0.498,120.003,075ZkPKUhJBhCewYUTLYhP,204866,4
495,0.822,0.455,8,-7.216,0,0.252,0.343,0.0,0.119,0.749,81.55,76UZm165d0jEQkDRKp4iK1,183800,4
496,0.788,0.745,10,-3.903,1,0.0615,0.0252,5.52e-06,0.0943,0.964,104.969,2gVLpzfM3ZiSXZY8fFgW2a,203520,4
497,0.7,0.453,7,-7.234,0,0.03,0.134,3.87e-05,0.274,0.236,126.483,0zgYADHtKBRxMYqsjCu3hm,185093,4
498,0.791,0.652,0,-6.779,1,0.0395,0.712,0.0,0.0875,0.816,147.933,1w8WFf0FCkCNilBWGQVbUz,165280,4
499,0.792,0.678,6,-5.373,0,0.097,0.153,2.42e-06,0.201,0.492,98.076,0vYDq7sxxolzNLZv2KOFKd,199493,4
500,0.823,0.625,9,-7.841,0,0.0481,0.0441,6.9e-06,0.0513,0.802,111.992,1z9T4ooU6WfxDJMOwKHkuE,158520,4
501,0.696,0.541,7,-6.241,0,0.0382,0.358,0.0,0.198,0.683,77.035,7LZXuhXXN03F1ndyQOzAZt,117320,4
502,0.715,0.618,8,-4.975,1,0.0543,0.29,0.0,0.0908,0.676,157.786,4JzAcIjtO0yQ3refHgCWfE,163640,4
503,0.752,0.794,11,-5.469,0,0.0641,0.0515,1.08e-06,0.0625,0.82,123.987,02CNxEPvl0KhM3a0DL6MS5,184000,4
504,0.596,0.606,4,-6.453,0,0.052,0.12,0.0,0.0782,0.347,165.86,2mqrs0rKVfldonic7ypVWh,192133,4
505,0.627,0.742,8,-6.184,1,0.0371,0.00744,0.000158,0.101,0.519,99.065,477bjz1LX3KEoosaElKjiY,189866,4
506,0.479,0.663,3,-6.206,1,0.291,0.161,0.0,0.0699,0.719,92.997,3jVZbT4hnwMEZhYHnvZvU2,188867,4
507,0.581,0.878,10,-5.55,0,0.0363,0.0101,0.0,0.0896,0.904,93.97,15SPgMBrdO1QYl7SdMYFv8,148107,4
508,0.448,0.166,1,-9.355,0,0.0362,0.906,0.0,0.369,0.295,123.936,76mXa7siHyqnjtfWGRcg51,196893,3
509,0.635,0.649,0,-6.481,1,0.0949,0.0421,6.59e-05,0.115,0.632,176.093,58Ezud7EmDJTWdN5enfRpM,189066,4
510,0.725,0.713,0,-3.65,1,0.0513,0.495,0.0,0.141,0.573,121.955,3zZhpLd0X1MSLqvfiaFsre,190000,4
511,0.768,0.672,8,-5.574,1,0.156,0.255,0.0,0.12,0.495,100.023,6ekMu8hU06ARmgBXFRmwYe,205827,4
512,0.779,0.604,9,-5.671,1,0.0519,0.206,6.02e-06,0.0734,0.655,90.019,6Mh1JHzFXhO2j6FDFrTkJ0,162947,4
513,0.646,0.623,0,-7.158,1,0.08,0.156,0.0,0.182,0.436,83.902,5Uae0Q3kmIVqrQUvWOMd7B,206431,4
514,0.648,0.855,4,-5.64,0,0.0414,0.0111,0.0,0.0904,0.51,107.972,6EJrfpisIxba7EgbcTBNz2,161667,4
515,0.708,0.488,2,-7.084,0,0.0938,0.239,0.0,0.0911,0.785,88.064,5xCqjI9lDCfsmqvxEjs6A1,161067,4
516,0.879,0.719,0,-2.975,0,0.0417,0.291,0.0,0.345,0.898,133.959,6r6cCBdOYVDJWxWXN3tHIj,178133,4
517,0.856,0.515,4,-6.8,0,0.0616,0.119,0.0,0.253,0.791,136.07,7IczUNKOQ8Qx6CVw2sOWK5,189560,4
518,0.806,0.807,2,-5.568,1,0.0866,0.104,0.0,0.326,0.54,97.977,0ULpTH368zOwAgnPkxfSqR,194067,4
519,0.869,0.686,6,-5.324,1,0.114,0.372,3.57e-05,0.0668,0.907,97.951,21wShvRGwZ3V12W786LplP,152387,4
520,0.638,0.809,7,-6.363,1,0.0544,0.0791,0.0,0.261,0.491,114.077,5TqfQ5U7SumwYrIMERVniU,205427,4
521,0.829,0.808,3,-4.792,1,0.0663,0.0266,2.17e-06,0.0547,0.969,123.99,7aBAEgh5KKsVU29xYcYcI7,179520,4
522,0.61,0.756,0,-5.994,1,0.0576,0.0165,0.0,0.32,0.623,118.076,4KjANrFBKn4gDa3xzkOs8P,224040,4
523,0.648,0.775,2,-5.402,0,0.0406,0.29,0.0,0.117,0.753,81.998,1BLQ9Ms6x4EkXrIhmI7IT2,192000,4
524,0.728,0.652,2,-3.157,1,0.0298,0.0941,3.56e-06,0.112,0.435,104.976,1dnJkyBbi3gDPoT1IFYR9j,161573,4
525,0.801,0.752,10,-5.394,1,0.0421,0.0124,4.5e-06,0.157,0.675,104.961,2KtrPdCrJJ7uJc6GNWDVjy,187000,4
526,0.756,0.72,4,-5.432,0,0.0467,0.0258,0.0,0.123,0.301,97.014,2zvUbHRNbt7pcmf7zZH6X8,191507,4
527,0.684,0.805,9,-3.449,0,0.0771,0.0889,0.0,0.197,0.811,112.967,24RzM18cc4WMWwLCUhSkgy,211227,4
528,0.767,0.791,0,-3.733,1,0.122,0.0258,0.0,0.152,0.7,96.019,7M5jZ6i0vb3Ni5o56TN4CN,171667,4
529,0.804,0.778,2,-6.313,1,0.0674,0.562,0.0,0.232,0.902,123.934,1WIBXNqTOr8xqvhvagVtAH,192893,4
530,0.502,0.8,7,-2.332,1,0.0346,0.0378,0.0,0.17,0.58,134.957,5pt79ryWBYcXoL00zUi2h4,216467,4
531,0.476,0.483,3,-6.956,1,0.0342,0.235,0.0,0.197,0.095,177.954,7GTOWL0UdKSRWAxVZyJdfX,207440,4
532,0.604,0.482,8,-7.255,1,0.025,0.843,0.000202,0.0965,0.486,148.047,0uiYBV1Ja2ni1C0ovthBxf,192760,4
533,0.68,0.79,2,-5.523,1,0.125,0.0623,0.0,0.218,0.637,100.017,0FEuqqPqMcxCCo3hXreTqF,161427,4
534,0.623,0.836,7,-3.978,1,0.246,0.325,0.0,0.357,0.736,143.049,3bqwFpaMJ3cXRicPEqd1FW,134000,4
535,0.67,0.808,3,-5.326,1,0.164,0.282,0.0,0.199,0.611,124.129,3QNbdMKaud7dzPwPnfZNit,183307,4
536,0.552,0.826,0,-6.231,1,0.0487,0.0856,0.0,0.122,0.539,182.083,5H68zLiXXQ48AB0aW6xs8W,192893,4
537,0.77,0.778,5,-4.582,1,0.0292,0.103,0.0,0.135,0.809,126.996,3JEL1FiSJYmAXmP4sKFSPD,196893,4
538,0.534,0.79,1,-5.356,0,0.0402,0.155,0.0,0.26,0.45,144.089,2VKacNvg7haZMLks1dUJpV,184333,4
539,0.73,0.65,9,-5.735,1,0.0414,0.242,1.33e-06,0.078,0.951,102.017,1DVdHvrk06tW5tbsJCkVFU,221427,4
540,0.693,0.569,2,-6.273,1,0.0385,0.251,0.0,0.0465,0.246,126.589,7x77wUbnZN92mib1EPbxBw,197667,4
541,0.558,0.631,1,-5.995,1,0.0342,0.18,0.0,0.0711,0.508,105.176,6dfYPoJRF1AM1yaTv17OLn,200813,4
542,0.741,0.545,6,-5.175,1,0.0493,0.571,0.0,0.166,0.625,136.027,0LmNg9pqYhCyuMriBekb3z,197360,4
543,0.762,0.815,2,-5.959,1,0.23,0.325,0.0,0.0537,0.718,181.998,5GJkaptoXzXzZ3NUw8MJy9,183333,4
544,0.615,0.819,5,-5.191,1,0.0372,0.0485,0.0,0.293,0.573,140.041,519eXuXDOHsb7SAIkBWEOy,204107,4
545,0.63,0.742,6,-4.283,0,0.0785,0.0748,0.0,0.177,0.474,147.93,2XzmJ4Xn5OdjvRHtHwJyd6,190173,4
546,0.709,0.925,5,-4.625,0,0.0721,0.151,0.0,0.138,0.408,125.005,0R6nFNa6SFnpslvU7DBa5F,192413,4
547,0.605,0.69,1,-4.621,1,0.0401,0.0946,0.0,0.126,0.264,139.846,2nPRJ1sJLgUKSZrTo5Xd6W,197333,4
548,0.76,0.741,6,-5.308,0,0.0278,0.0142,0.000236,0.0791,0.627,122.011,7kEknr0RDlFdnQTa2S1Z1j,193827,4
549,0.818,0.886,0,-3.452,1,0.22,0.0575,0.0,0.0344,0.779,115.016,4XeaYPTgaleZ2WFAKf9uVE,224240,4
550,0.687,0.788,1,-4.012,1,0.0547,0.0573,0.0,0.268,0.871,100.005,4VmM1zo7Lvmu4gj18OvY3O,130368,4
551,0.651,0.643,0,-7.88,1,0.0398,0.0768,0.0,0.15,0.688,157.835,1WNqENtQ0P78VbrR1P29Am,168920,4
552,0.784,0.796,6,-4.4,0,0.0622,0.104,0.0,0.298,0.814,120.0,0aIiJAPfxeB1qF4pbo4cGp,196653,4
553,0.691,0.796,1,-7.12,1,0.221,0.705,0.0,0.354,0.578,106.898,2ib7ZSf7JoaATNW6YjnJQo,200333,4
554,0.579,0.374,7,-7.774,1,0.0309,0.251,0.0,0.165,0.359,95.955,4YTrXspnFsoKPIbK86Inhz,209347,4
555,0.613,0.793,4,-6.439,1,0.0395,0.433,0.0,0.101,0.574,125.018,4kULemHPSiUKR8pq5oMjYu,192333,4
556,0.635,0.788,9,-5.842,1,0.0493,0.141,0.0,0.117,0.284,98.63,0do4cBQQj2zkiAhSG8rIZW,159725,4
557,0.798,0.843,11,-5.032,1,0.137,0.317,0.0,0.0566,0.965,100.015,1S3pCrr8YCODTOUCiSpiuf,167253,4
558,0.545,0.83,4,-3.911,0,0.239,0.308,0.0,0.0854,0.646,187.826,1gyxTvxSZRxvn9fnoBY1gd,158667,4
559,0.574,0.858,7,-5.81,0,0.0584,0.0522,0.0,0.239,0.747,198.883,67xRkeJLTEpBz8uadMo8sL,198240,4
560,0.743,0.815,9,-5.66,1,0.051,0.0322,0.0,0.131,0.666,122.962,14EbA7Q8QhlrnlCanoD9iV,183069,4
561,0.628,0.872,11,-5.737,0,0.046,0.0582,0.0,0.238,0.932,120.011,4i9Rck1BrhdhiMadghoBh2,206440,4
562,0.612,0.725,0,-6.085,1,0.0441,0.0489,0.0,0.0692,0.796,173.882,18K0QPs7G0yPaDlz1W47bG,206933,4
563,0.715,0.827,8,-4.846,1,0.0334,0.0358,0.0,0.0996,0.339,130.022,5ZyfAb0o6FPnIZaA7tpzVM,145080,4
564,0.608,0.342,8,-6.138,1,0.0592,0.685,0.0,0.0679,0.566,112.398,3jFWv2BqgGmp9ablyE1PK5,168173,4
565,0.673,0.682,9,-5.837,0,0.0562,0.00888,0.0,0.224,0.204,119.997,47SbZWvcfOAgzfAHzMWvdk,205333,4
566,0.692,0.747,7,-5.884,0,0.0349,0.11,0.0,0.156,0.891,129.969,3wGH1VUinFXAdOhpGuqS7E,203747,4
567,0.657,0.649,1,-5.39,1,0.0479,0.0358,0.0,0.106,0.699,87.979,3HPRqipXPgSKMYfwNnN5GR,178253,3
568,0.771,0.753,11,-6.599,1,0.0413,0.0636,7.75e-06,0.0451,0.976,138.004,3ynBdoO14ybiMn5laUGLqK,171667,4
569,0.703,0.909,9,-3.154,1,0.061,0.106,0.0,0.0825,0.751,99.993,1CbPTt4CWx9IDr0mENr5vQ,195067,4
570,0.622,0.671,0,-7.164,1,0.0569,0.244,0.0,0.121,0.421,89.787,4AgN4aM1nWK2tBGfUF8Ypu,175667,4
571,0.596,0.856,0,-3.134,1,0.0836,0.333,0.0,0.256,0.445,95.05,4vhc13Zr7Gbm721ldatzmr,194267,4
572,0.553,0.849,8,-4.468,0,0.181,0.236,0.0,0.11,0.354,159.711,0yTGOMRv5oWECS6wqqQXOJ,195440,4
573,0.695,0.536,8,-6.103,1,0.0373,0.228,0.0,0.125,0.371,100.038,6zsIqv0Jg6NuUcu4dwuJeV,189333,4
574,0.599,0.666,2,-6.067,1,0.188,0.365,0.0,0.0914,0.731,102.133,0cRCAhaVepKpnN6cDJ7H6R,160080,4
575,0.703,0.582,5,-6.134,0,0.0494,0.0555,0.0,0.134,0.647,170.162,3sZaj5Dk3X4Jbq7JOxuYRL,180000,4
576,0.728,0.813,10,-4.183,1,0.0416,0.0127,0.000509,0.26,0.762,83.972,2fUGb65Yc3cW1ysPebBtvg,146333,4
577,0.706,0.703,7,-4.914,1,0.0368,0.175,0.0,0.302,0.612,117.967,5IrI18dBmWwvXfnrkyq2Ug,157267,4
578,0.701,0.729,9,-4.279,0,0.0352,0.0021,0.0,0.23,0.848,128.05,3z9AB8vUhLrSHuFonCkNgw,172907,4
579,0.623,0.652,2,-5.539,1,0.0481,0.0453,0.0,0.12,0.394,157.953,6AdgEje8a8OQUQ1qJfe9j2,223267,4
580,0.792,0.789,5,-3.379,0,0.0536,0.0096,0.0,0.061,0.823,136.032,162mLj1BZaLlb1oD11I3k6,160667,4
581,0.775,0.797,9,-5.136,0,0.14,0.132,0.0,0.0898,0.721,124.016,2zxUrCXazprsC7oOmAFgJe,191333,4
582,0.778,0.761,5,-5.369,0,0.0929,0.176,0.0,0.121,0.935,124.997,4EXFpkb5us87KDMOg1R00k,197560,4
583,0.464,0.655,0,-5.314,1,0.0655,0.16,0.0,0.0314,0.811,102.01,4JWhdTAmw3iOIOITldcy0n,186333,4
584,0.709,0.706,9,-6.106,1,0.0433,0.145,0.0,0.128,0.701,100.044,2W9uqvkSUyhtYU4QHNtHjA,207667,4
585,0.612,0.913,8,-2.101,0,0.0421,0.0257,0.0,0.391,0.671,130.028,0eSIxTu8qdm1AXpfBTJ9Up,190173,4
586,0.604,0.455,0,-8.182,1,0.0615,0.587,0.0,0.121,0.496,124.748,2f7RXZkNKF0iWQiKamxbIr,183000,4
587,0.702,0.706,0,-4.434,1,0.0342,0.222,0.0,0.198,0.72,95.0,1taDlZzWCFEOC9NlohkWx6,175000,4
588,0.789,0.704,3,-5.229,1,0.034,0.253,0.0,0.155,0.55,106.031,44blRNiipXlYR5O2eK9hzS,192333,4
589,0.639,0.787,10,-3.943,1,0.038,0.0158,0.0,0.104,0.574,89.992,670DehuXUvXSt7JX69BM1m,226267,4
590,0.842,0.836,9,-4.667,0,0.0569,0.0223,0.0,0.308,0.772,115.977,17DaNTlAY4qPjLJcalrCnD,179000,4
591,0.606,0.925,5,-2.258,0,0.145,0.113,0.0,0.135,0.96,159.831,3bBVGKs0efN45YGAVoBfCy,209293,4
592,0.837,0.459,3,-8.712,0,0.23,0.799,0.0,0.0974,0.525,140.129,0bahbEb9kQs9QFdjfTyDkn,177333,4
593,0.724,0.833,6,-5.057,1,0.048,0.144,0.0,0.0794,0.847,119.982,1zzOlh3bSoLbM41CHeagML,179027,4
594,0.522,0.639,2,-4.734,1,0.0765,0.41,0.0,0.331,0.434,199.72,5eAGfkd5BZ4opqUuZuNXWL,182667,4
595,0.742,0.726,0,-7.477,1,0.271,0.178,0.0,0.364,0.297,107.11,7wSfi9zizYiJ572cWq21vz,173667,4
596,0.819,0.569,8,-5.971,1,0.0409,0.165,0.0,0.071,0.481,94.986,3ToKL9qsj2jsw3yNsZ58rj,125000,4
597,0.604,0.628,5,-5.725,1,0.0617,0.0313,0.0,0.252,0.585,99.859,6CgvLgw76mSC1oxKZ7ADmY,182427,4
598,0.766,0.686,8,-4.176,1,0.0584,0.148,0.0,0.11,0.627,95.951,3jHssU22YrB5v9swSpuTyr,172293,4
599,0.711,0.555,3,-6.58,1,0.0318,0.0237,0.0,0.195,0.221,99.913,5gY5Tixu6wV6V1EJIQ3zNI,157453,4
600,0.675,0.905,7,-2.966,1,0.155,0.067,0.0,0.0702,0.923,160.034,2de01LX2JCvsULDiZcmjFP,208533,4
601,0.711,0.679,7,-6.993,1,0.0465,0.213,0.0,0.0988,0.642,127.947,2aQpS6x3MBXAtnoHHI0wWy,216733,4
602,0.786,0.742,9,-6.073,1,0.0462,0.232,0.0,0.105,0.903,122.007,2EKr4UPBOCxmdgEnLIjE8P,183867,4
603,0.78,0.886,5,-2.58,0,0.148,0.0414,0.0,0.0538,0.938,104.941,1f4ZFB7M8wD1nXKjAxW57q,181347,4
604,0.802,0.426,8,-6.394,1,0.0397,0.56,0.0,0.111,0.598,94.984,2yHbz21uTypbfv0CCQnfGW,211240,4
605,0.761,0.891,8,-4.18,0,0.161,0.012,0.0,0.748,0.801,80.466,0CTtuk7cXzcY5G3j6A3Htn,128560,4
606,0.847,0.747,8,-5.756,1,0.0886,0.0502,0.0,0.372,0.67,106.965,0uO8gotUNmO7v5agFzqS7y,176867,4
607,0.806,0.733,10,-6.426,0,0.103,0.109,4.39e-06,0.0486,0.655,96.049,4W63PdwxlreSGoEZg6e7FJ,171093,4
608,0.735,0.851,1,-4.032,1,0.103,0.0151,0.0,0.12,0.82,110.484,0R9XoR6YH5nOptPFwVxd1o,178800,5
609,0.457,0.61,0,-2.719,1,0.0967,0.11,0.0,0.136,0.26,193.817,3S024kUI4pWKjmMPTu6bad,204733,4
610,0.665,0.638,7,-6.344,1,0.437,0.444,0.0,0.147,0.341,163.818,4qByrfXWzbj8Dmzd4LCzue,198800,4
611,0.833,0.806,10,-4.858,1,0.266,0.17,0.0,0.497,0.914,139.924,2kJqmtDEyykUDdjfamKKlV,155267,4
612,0.732,0.78,7,-4.395,1,0.041,0.0305,0.0,0.0945,0.806,119.932,7bmmPk5iDa4dVXRO6sGYXY,195893,4
613,0.636,0.971,8,-3.976,1,0.0996,0.0117,0.0,0.295,0.546,127.988,0hmDx0YEZ15ooHHSWV90X0,198307,4
614,0.43,0.827,0,-3.132,1,0.0806,0.00708,0.0,0.237,0.431,176.084,3EJp4dfSKIedIs5hdDife2,222667,4
615,0.64,0.638,9,-4.449,1,0.0333,0.0124,3.08e-06,0.353,0.299,92.002,3iGsz8eT5puXh7fCo6H1C0,167800,4
616,0.722,0.593,5,-6.882,1,0.0561,0.045,0.0,0.512,0.849,119.92,6hTDWjOH1v4nwBkozjlaJO,174160,4
617,0.583,0.596,6,-2.051,1,0.0309,0.0327,2.09e-06,0.181,0.409,131.908,2RUPGWHzWMM0YVAHNBvO6m,170827,4
618,0.708,0.592,7,-4.963,1,0.102,0.0215,0.0,0.203,0.305,84.858,3eQpf8qLpqeHONYOjHH7R1,190667,4
619,0.676,0.818,8,-5.358,1,0.0328,0.000698,0.000273,0.145,0.705,129.989,4AVD73VlA51dr7bZVGOCuY,215000,4
620,0.558,0.827,11,-5.44,0,0.082,0.242,5.84e-06,0.146,0.405,89.969,4igKLrbLD2ZWWyVFilRSbo,164533,4
621,0.864,0.516,0,-5.578,1,0.039,0.0372,1.4e-06,0.0363,0.923,129.961,3hargi3xJHnCTw0H26nV2N,126533,4
622,0.656,0.713,7,-7.213,1,0.0422,0.00804,0.0,0.0877,0.83,104.028,7v49kdJbC7w2PHYTm70QZW,211107,4
623,0.632,0.526,7,-8.039,1,0.0577,0.0316,0.0,0.261,0.8,86.016,6AAXcOaBjvuq0RpPGULq5r,192333,4
624,0.465,0.772,4,-6.74,1,0.0609,0.00475,0.0,0.125,0.86,194.052,6Our8o7AiqE8DOWJrULurO,206533,4
625,0.487,0.66,8,-2.6,1,0.0289,0.552,0.0,0.0889,0.372,137.069,7m4nm70iS1GyZCIyvv4Lco,228747,4
626,0.523,0.711,6,-6.561,0,0.0374,0.0234,0.00175,0.159,0.199,92.999,1CUevdCoG7kb4qGgPlacP5,205893,4
627,0.786,0.83,5,-3.125,1,0.113,0.0631,0.0,0.116,0.8,126.028,76lyNzw8wfegkVwF6xrWn8,197427,4
628,0.644,0.836,5,-4.008,0,0.088,0.143,0.0,0.15,0.437,129.89,40hqJWrPrL52pfZBhAQ1Dv,204373,4
629,0.499,0.742,9,-3.408,1,0.0875,0.0269,0.0,0.269,0.832,179.759,2yZa7VMSMsVekXjCvvlWhr,187627,4
630,0.642,0.955,0,-2.767,1,0.202,0.0148,0.0,0.0592,0.752,167.953,2wUsOEYF9M8d56PcfhkXiF,176813,4
631,0.727,0.634,2,-5.089,0,0.0833,0.307,0.0,0.0934,0.362,100.002,0OpIRcElndLLm7jiTAA8eE,177440,4
632,0.77,0.611,4,-4.565,0,0.0551,0.31,0.0,0.0936,0.751,99.849,6gENBnJkfS5xq1jzTqC0fg,177267,4
633,0.623,0.729,1,-4.263,1,0.132,0.0254,0.0,0.335,0.751,202.033,0OREflTP5IjjivoOmEoXR5,198627,4
634,0.65,0.759,6,-3.15,1,0.0417,0.0353,0.0,0.0971,0.637,75.021,6j7wThdlnSDdQHBfG1g51I,187773,4
635,0.751,0.771,7,-4.032,1,0.0296,0.0239,0.0,0.131,0.626,120.005,2g1iTkEs0VizCLGrkdzInK,172493,4
636,0.457,0.567,3,-5.39,1,0.0947,0.255,0.0,0.201,0.825,169.961,0ctb6iU1vA2IQ0Q7uhnhyN,199693,4
637,0.638,0.893,9,-3.638,0,0.0342,0.147,1.29e-06,0.154,0.556,123.974,7jezqtj2lhxqeYAl9DMxka,159840,4
638,0.746,0.509,0,-6.285,1,0.0314,0.437,0.0,0.119,0.213,112.15,47Ha5csY3c2DB3LMhzmwle,232547,4
639,0.914,0.781,4,-2.894,0,0.106,0.153,0.0,0.476,0.81,123.865,2xpHaFoallE1cEuyo9lawS,151800,4
640,0.76,0.744,2,-2.57,1,0.0749,0.412,0.0,0.304,0.6,91.007,6aWv0cSQWrT2o3rqGhWEZJ,169933,4
641,0.713,0.74,1,-2.489,1,0.0282,0.0236,0.0,0.126,0.588,115.459,2bivxemYYGhiOoPr7OfYhn,196920,4
642,0.693,0.716,0,-5.415,0,0.0605,0.125,0.0,0.0696,0.828,149.996,5zLQvYw5L6deZ17kJyFc1W,209440,4
643,0.78,0.755,0,-4.323,1,0.0601,0.188,0.0,0.204,0.755,125.998,6jBD9kG6Ey9aZ2wy7Exwms,205147,4
644,0.685,0.742,9,-5.077,0,0.0765,0.00154,0.0,0.207,0.447,129.988,6jbHmuPvdELDl12KBSgsWD,204933,4
645,0.724,0.882,1,-3.855,0,0.154,0.041,4e-06,0.121,0.493,132.025,7rTWz26HEryeqvpD2VwHZB,194160,4
646,0.814,0.922,9,-3.269,1,0.131,0.119,0.0,0.316,0.962,134.061,6Foz7fbVYWGG3akWeb9AMd,179533,4
647,0.816,0.87,7,-4.623,1,0.0416,0.0208,2.69e-06,0.0762,0.591,135.026,6urtuYSi0mjxqZS9Nr88It,203773,4
648,0.654,0.861,11,-3.964,1,0.0419,0.0497,0.0,0.0882,0.618,128.024,0yJxhzJ0NcW3wcNuHhX2QD,213427,4
649,0.53,0.85,8,-4.873,1,0.126,0.0426,0.0,0.067,0.568,140.068,6bzhbN9L14Mp4KV1Pnc4n7,192133,4
650,0.743,0.565,9,-2.845,0,0.0273,0.175,0.0,0.116,0.486,97.921,0tSSu5nGF7Q6h9SNQwJAaf,203600,4
651,0.61,0.904,3,-3.591,0,0.0902,0.00744,0.0,0.0411,0.473,130.017,2B40LQCDmhCvzvbCbEIeti,205067,4
652,0.584,0.75,0,-4.787,0,0.0452,0.114,0.0,0.371,0.425,86.01,03zjI8If9AronLXSgsAxa6,160133,4
653,0.802,0.59,8,-6.493,1,0.0513,0.00803,0.0,0.378,0.363,99.97,1am8HpiaiMLS4TcDxAra09,186067,4
654,0.518,0.701,5,-4.027,1,0.0772,0.0399,0.0,0.0583,0.457,175.814,2yiY9Rw9AEQT7zyslMqBNf,192667,4
655,0.635,0.706,7,-6.178,1,0.0357,0.014,3.14e-06,0.367,0.256,139.913,2uBNzARLrGlITfKljfVFJr,194267,4
656,0.7,0.72,0,-3.965,0,0.0402,0.13,0.0,0.0641,0.699,138.09,2apgv0sYuBqHPjRX1tF3PP,179160,4
657,0.608,0.869,7,-3.89,1,0.0636,0.000525,0.0,0.131,0.652,139.936,7oDvv7NvGGOLs9JQj8spuG,202800,4
658,0.561,0.89,4,-3.748,0,0.0462,0.0299,0.0,0.4,0.75,150.059,0QzLuNnWeOahQsz7hHfvHf,175693,4
659,0.646,0.856,7,-4.961,1,0.052,0.0201,0.0,0.115,0.41,94.974,00RRqta7TN5R4HYWRVIKhe,189987,4
660,0.632,0.737,5,-5.894,1,0.0516,0.0138,0.0,0.383,0.812,145.784,385kYCdxGw3GrwDe84P9IE,137640,4
661,0.301,0.799,3,-4.675,0,0.062,0.187,0.0,0.0987,0.261,189.872,3ivJih3lAL774STV28v0r6,241400,4
662,0.837,0.669,0,-6.71,1,0.0457,0.00547,0.0,0.0263,0.684,105.044,4pOzzuXzniacK94vRP2b7m,190493,4
663,0.52,0.79,7,-4.79,0,0.157,0.129,0.0,0.181,0.352,196.038,36iY5792JQZwzqJqfsNCaJ,158507,4
664,0.526,0.752,9,-4.438,0,0.0335,0.0308,0.0,0.221,0.379,130.035,58xnrkgMOjW66kJtN9sDl6,196933,4
665,0.749,0.932,7,-3.119,1,0.0584,0.042,0.0,0.337,0.912,138.939,6wHbprLz4EEBrItmSrS8NU,167267,4
666,0.53,0.789,11,-3.767,0,0.107,0.00415,0.0,0.661,0.657,186.017,4VCZkci3woSEKkMwohfbLa,223107,4
667,0.654,0.802,3,-4.419,1,0.0496,0.155,0.0,0.298,0.819,144.072,3hSdAOIYEei9Gb9TP3w6UO,204600,4
668,0.694,0.833,3,-4.298,1,0.0558,0.179,0.0,0.139,0.554,120.001,0Bnvu7KR5TQB9ZVjabXsq8,247187,4
669,0.624,0.902,7,-2.43,1,0.033,0.0056,0.0,0.117,0.441,105.007,435mhbcweLXXKZOIVay4qH,205867,4
670,0.648,0.91,1,-4.744,1,0.058,0.00258,0.0,0.0891,0.49,118.561,2bWrXd5h6KsC5Mto1f8bGf,199507,4
671,0.722,0.789,11,-6.749,1,0.03,0.00165,2.41e-06,0.0945,0.519,120.06,5pSAbHhJFKhrxcoeyfJFmj,175200,4
672,0.704,0.0553,0,-25.4,1,0.877,0.791,0.0,0.122,0.186,129.771,2EMYHvAeDOaSYROke3efHf,599747,5
673,0.49,0.332,0,-16.932,1,0.472,0.769,0.0,0.784,0.55,88.111,5igPvKQ6hLqSVLGibysbSw,1143653,4
674,0.62,0.0321,0,-27.646,1,0.922,0.761,0.0,0.115,0.198,171.838,3m4MxkeYXuRxUMldItsi4S,215880,5
675,0.689,0.336,7,-13.982,0,0.951,0.446,0.0,0.114,0.429,87.966,08uTgfRSndl8OpJv2m1wM1,955524,4
676,0.602,0.0532,0,-22.185,1,0.935,0.881,0.0,0.0786,0.337,75.236,2aLeaLnsd5WqsWsO1nb6Zx,458400,4
677,0.696,0.137,9,-20.317,1,0.937,0.787,0.0,0.152,0.18,105.941,02mLgHwWK6W8OxShwLPFRE,541960,4
678,0.705,0.143,3,-19.904,0,0.92,0.821,0.0,0.184,0.163,130.585,3MSQ7zmYRWSW8HyhXsaHy5,522787,3
679,0.523,0.374,0,-15.015,1,0.424,0.66,0.0,0.346,0.525,129.635,16IKUZbb64LoX2sOrdxFeb,1221027,3
680,0.681,0.13,8,-23.452,1,0.947,0.394,0.0,0.396,0.443,73.0,0pyfNtig0FBvGgtxbTkHbi,231183,4
681,0.621,0.36,7,-12.174,0,0.949,0.609,0.0,0.163,0.545,79.039,5TYmgUDqRdtfK9CgfjGwbG,808646,3
682,0.7,0.269,5,-14.068,1,0.937,0.604,0.0,0.12,0.4,134.666,2EtluynjfnZpfbjx6MGF6C,1373693,4
683,0.608,0.21,7,-21.103,1,0.923,0.684,0.0,0.108,0.383,87.165,0gkJYHq2NoXuYIkn4fu6BJ,948584,4
684,0.459,0.197,8,-18.483,1,0.536,0.899,0.000861,0.167,0.44,73.21,0Kykvvfr9ePJBF2zmh5q7r,3225107,4
685,0.699,0.0545,0,-25.251,1,0.886,0.79,0.0,0.0935,0.179,133.214,4Kkrxk0hL6nTjvVx1SYiPB,165133,4
686,0.663,0.24,0,-18.396,1,0.927,0.597,0.0,0.171,0.228,99.356,7nZsQX2U5NLguIR8c7MrlL,1183434,3
687,0.617,0.267,0,-18.825,1,0.95,0.502,0.0,0.413,0.219,79.239,2rCHpWLSUHVZdZWLdH8Wee,1018313,4
688,0.693,0.253,7,-18.149,1,0.942,0.427,0.0,0.161,0.344,134.829,5u62heISoJ1YLqcInv4qyL,1059579,3
689,0.641,0.396,7,-16.773,1,0.943,0.632,0.0,0.155,0.294,101.858,5abQocTbaivGL0YUjaVlwQ,1061931,4
690,0.621,0.259,0,-17.185,1,0.937,0.634,0.0,0.256,0.255,81.259,5jnNxkSJ9TBmd59mtjI6cO,921187,3
691,0.648,0.435,7,-13.479,1,0.939,0.635,7.41e-06,0.173,0.333,89.453,7DcRnRDGqve8UlhEZYhTeq,389693,1
692,0.655,0.28,10,-23.044,1,0.953,0.458,0.0,0.52,0.548,81.128,2Uxec2ijGqz6tM4ADEtSsN,151980,3
693,0.707,0.122,8,-21.703,1,0.914,0.594,0.0,0.137,0.359,107.592,1OU0CFc2SnOdMQF9tqhyc0,382013,1
694,0.721,0.227,7,-17.396,0,0.918,0.586,0.0,0.331,0.559,111.358,0ma9v8ekfhHpODXv6jTbvs,218070,5
695,0.644,0.282,0,-16.626,1,0.919,0.464,0.0,0.195,0.303,90.099,6TgBwLHDSNSNoZjTaziLxc,963723,4
696,0.621,0.0891,1,-23.161,1,0.956,0.527,0.0,0.141,0.254,171.946,35G8bOSLYZJPmsvjm2EHVf,282958,3
697,0.669,0.142,10,-21.901,0,0.957,0.357,0.0,0.39,0.377,96.121,5ur1GPX0hTJ2XYXVlHO6l5,346800,4
698,0.686,0.0758,0,-22.99,1,0.896,0.697,0.0,0.136,0.22,84.333,384U7ZaDfyVH3zhezCPRg5,194467,4
699,0.63,0.238,7,-20.235,1,0.924,0.534,0.0,0.0904,0.472,88.068,4ZdxqJIerDs2BwmaGC8RNt,910266,3
700,0.556,0.337,0,-13.818,1,0.724,0.65,0.0,0.185,0.431,63.209,68dktL7vR4B95u3CruMGUt,1258893,4
701,0.699,0.0857,0,-19.449,1,0.912,0.665,0.0,0.129,0.186,134.761,41RY9lMftUDSnWxFiwlGMB,189893,3
702,0.666,0.161,1,-19.481,1,0.958,0.555,0.0,0.369,0.488,62.517,3KaDCY2YaGWkbwlHwfJm7x,198060,4
703,0.727,0.206,8,-16.519,1,0.882,0.468,0.0,0.218,0.48,114.186,0XEa2Xtzu9ZjWfWbA7TSYH,237243,4
704,0.709,0.214,8,-19.841,1,0.876,0.635,0.0,0.138,0.4,110.17,73yeCECLym0lytowUjWvn7,73822,3
705,0.668,0.0617,0,-23.499,1,0.673,0.686,0.0,0.0827,0.22,96.975,5HYeuWyDM5wqB7gc4lBiqT,187800,3
706,0.72,0.073,0,-19.187,1,0.877,0.73,0.0,0.0942,0.196,122.09,6WYXShDrLjph0hdgf45RLQ,172667,3
707,0.71,0.073,0,-25.068,1,0.889,0.746,0.0,0.132,0.228,126.071,0RRkNES5WUUxzfMT2J25ER,162893,4
708,0.676,0.049,0,-26.023,1,0.463,0.614,0.0,0.149,0.306,99.455,7vURYS7KKRlAXjXaOwFY4i,169280,3
709,0.706,0.0333,0,-26.925,1,0.785,0.768,0.0,0.0681,0.0463,115.312,00DzuIBxcFMGiYE0NrgudN,256093,5
710,0.672,0.0484,0,-27.132,1,0.917,0.737,0.0,0.157,0.184,143.506,3QH4xgr3qH889F0Jo55RXE,194267,3
711,0.69,0.273,6,-10.971,0,0.884,0.362,0.0,0.0954,0.448,62.903,6hTIfUT1ZGG55GX88URs3W,379560,3
712,0.706,0.172,2,-13.737,1,0.791,0.657,0.0,0.144,0.297,108.432,0vPewTy5RtFXqoqYUuKFd1,475560,3
713,0.62,0.126,8,-17.925,1,0.947,0.452,0.0,0.109,0.487,64.467,15PTugVz4zanZHxkLDGO6j,367058,3
714,0.676,0.159,1,-21.972,1,0.957,0.597,0.0,0.389,0.701,146.331,0AGGpnIB8IHBUn1dd19V4z,136440,3
715,0.784,0.51,9,-6.546,1,0.0405,0.0667,0.0,0.0773,0.526,135.909,3QpAo1aiTUVgsQBR8KmNHO,110347,4
716,0.931,0.787,11,-5.594,1,0.234,0.00292,0.0,0.0932,0.575,94.991,1JIICzNjNibNpB3HeefvFm,211720,4
717,0.913,0.604,4,-11.38,0,0.102,0.474,0.0624,0.101,0.616,120.984,6ZSMbNa2ZSmLR7LlC5Bz0m,198347,4
718,0.867,0.833,7,-5.634,1,0.164,0.192,1.86e-05,0.0633,0.767,99.965,6l8PVMHkToebBTlJacW6Fa,223480,4
719,0.839,0.774,7,-5.823,1,0.361,0.323,0.0,0.0673,0.885,168.017,3vyExFn4NbOCGkGR30i6AA,138214,4
720,0.814,0.75,11,-4.915,0,0.304,0.104,0.0,0.115,0.48,146.058,2b9sTGqIWVTFVu7AUMQn7h,129072,4
721,0.917,0.434,1,-6.135,1,0.0885,0.433,0.158,0.0823,0.277,98.033,0GxUrzpQT8TR76G8ijZyTb,109120,4
722,0.947,0.969,9,-5.239,0,0.325,0.555,0.0,0.354,0.53,105.016,0ajAIY2IEOjJ4JFmlAEuvM,135880,4
723,0.848,0.666,0,-6.547,1,0.274,0.173,0.000699,0.129,0.744,96.662,3Ti0GdlrotgwsAVBBugv0I,251573,4
724,0.739,0.847,0,-3.055,0,0.145,0.0959,0.0,0.0436,0.647,139.948,56LCZNVDZBgVXmsP37ksgy,150480,4
725,0.605,0.641,7,-4.797,1,0.0469,0.0667,0.0,0.142,0.829,169.238,5AEyhmFToITN1n2Wa2zLHI,198067,4
726,0.928,0.926,7,-1.546,1,0.29,0.0529,0.0,0.0999,0.664,103.003,1CoEBzmNnIJlNRrgcGZ1Lz,185693,4
727,0.84,0.204,5,-17.38,1,0.34,0.233,3.16e-05,0.0802,0.249,139.989,5oGi3t0P5LJ4Opu87mlLUg,147429,4
728,0.867,0.771,7,-5.785,1,0.403,0.213,2.79e-05,0.0625,0.716,157.868,1iD60ApOiYKOb32UCaYWP1,202787,4
729,0.898,0.92,5,-7.859,1,0.0636,0.0711,5.92e-05,0.0908,0.875,114.343,1o7pq0fvaVfQSKOKwQAHSo,224693,4
730,0.884,0.656,5,-6.674,0,0.0732,0.0747,5.44e-05,0.104,0.5,143.68,51VcV1Wqh57DzVa8Tew2qs,119160,4
731,0.817,0.547,1,-7.698,1,0.153,0.0187,0.000471,0.339,0.816,143.302,0qaUiV6xlTRYqQZ2332Qsh,203080,4
732,0.808,0.774,10,-5.044,1,0.0403,0.0115,3.77e-06,0.117,0.704,104.99,57rPxsDFpBnUp4Bw5uxIXP,188333,4
733,0.769,0.316,1,-18.356,1,0.171,0.0228,0.0119,0.103,0.197,148.03,60kcJIrsehemBC5S2PTTG3,110676,4
734,0.814,0.757,7,-4.772,1,0.207,0.0466,0.0,0.547,0.871,89.984,3MZmpfcmRK73emDMcqNpbe,210920,4
735,0.61,0.519,1,-5.398,1,0.44,0.386,0.0,0.973,0.84,176.016,5GBH7uQ6hX7umS4Bl9RZ8J,278413,4
736,0.671,0.638,7,-6.625,1,0.0343,0.344,0.0,0.124,0.963,166.71,7j0tMRulMtwmNpyOZmHtD0,196293,4
737,0.881,0.874,6,-4.505,1,0.139,0.0175,1.19e-06,0.154,0.858,107.891,0weAUscowxeqDtpCgtbpgp,227933,4
738,0.929,0.383,7,-16.95,1,0.19,0.0393,1.4e-06,0.145,0.605,142.018,7ECdYi17tlPuGg9YVblRPU,153239,4
739,0.762,0.815,2,-5.959,1,0.23,0.325,0.0,0.0537,0.718,181.998,5GJkaptoXzXzZ3NUw8MJy9,183333,4
740,0.739,0.595,0,-6.09,1,0.055,0.136,0.0,0.316,0.722,75.965,4lWJMQSOJIWSodi3Oe6Few,205893,4
741,0.863,0.817,8,-7.526,1,0.0436,0.365,0.0,0.0682,0.965,94.641,7JaMhrgXmPSXDjVAVxrDav,193240,4
742,0.677,0.834,5,-4.23,0,0.473,0.138,0.0,0.107,0.904,174.341,2t3ZxwOLtpRYxctPbXRRns,238427,4
743,0.858,0.333,5,-14.043,1,0.083,0.00098,2.74e-06,0.0861,0.332,80.02,4UAdHXcCnQFmdqaRUsnA2a,202789,4
744,0.792,0.675,6,-11.153,0,0.369,0.0334,3.94e-06,0.614,0.765,191.868,6pFoYMv2aU4aBORxa4UrIz,289750,4
745,0.974,0.802,5,-7.214,0,0.243,0.0281,0.0,0.167,0.541,122.012,146IdUhpqJAKpfGPegGtd1,222787,4
746,0.725,0.523,10,-9.593,1,0.324,0.0783,0.0,0.0665,0.95,76.292,2HcyIzVsX45jLIxK7SH2aI,172933,4
747,0.729,0.848,2,-6.778,1,0.249,0.198,0.0,0.0737,0.722,89.037,1FgVgbqZG3tZ9vNgymPOVe,200907,4
748,0.703,0.594,5,-6.146,0,0.0752,0.342,0.0,0.123,0.475,153.848,6fTt0CH2t0mdeB2N9XFG5r,114893,4
749,0.822,0.661,1,-10.234,0,0.164,0.0241,3.95e-06,0.315,0.67,99.883,1aaoIHFT9UqhlaEwLAhh00,272707,4
750,0.736,0.262,2,-12.34,1,0.0433,0.634,0.0,0.168,0.85,124.541,20FC3EJo4833v6fI0hmyqK,190573,4
751,0.875,0.834,11,-7.307,0,0.314,0.399,0.0,0.267,0.709,104.583,2SRrXQG5zBbd2VUZFu38iL,186947,4
752,0.94,0.869,9,-6.25,0,0.381,0.333,0.0,0.582,0.672,110.093,4WMe7Vxf5Mf6HoE0p28nYR,130107,4
753,0.897,0.567,4,-5.441,0,0.15,0.0419,0.0,0.255,0.932,122.034,0Rxc48XS2FxwJCiRDMrVwi,175089,4
754,0.712,0.611,2,-6.943,1,0.0465,0.156,0.0,0.319,0.771,94.216,5nni7e0KD2XviqyGPPBFCU,199120,4
755,0.907,0.53,1,-6.112,1,0.127,0.0578,2.23e-06,0.101,0.507,135.998,0F7FA14euOIX8KcbEturGH,113000,4
756,0.716,0.841,1,-6.977,0,0.212,0.0469,0.000111,0.0852,0.67,94.955,749wOMJv0SwOcBcvVUwPdv,182587,4
757,0.878,0.91,6,-5.452,0,0.281,0.00386,1.69e-06,0.466,0.65,112.961,3SUQYLuMqCW7lkMAZ1Bhev,61907,4
758,0.734,0.864,2,-6.119,1,0.303,0.022,9.85e-06,0.246,0.47,105.932,5fpizYGbi5IQoEraj6FP0R,231493,4
759,0.625,0.695,9,-8.045,1,0.291,0.0895,0.0,0.221,0.786,159.502,63myJHXOKprgF5Kdze08XA,157427,4
760,0.568,0.802,7,-7.973,1,0.0441,0.0764,3.98e-05,0.812,0.93,159.164,6KN9vVtpxkzK4VTHpfQuig,235400,4
761,0.628,0.258,1,-21.268,1,0.948,0.813,0.0,0.128,0.448,170.278,17AnhTNxDc1fc15rcCsCYq,356733,4
762,0.725,0.471,0,-7.592,1,0.0589,0.395,0.0,0.705,0.555,122.11,1PGJHAEqbGqiqj3Cthmx4p,165227,4
763,0.719,0.308,6,-10.34,1,0.922,0.863,0.0,0.253,0.589,115.075,3VAX2MJdmdqARLSU5hPMpm,656960,3
764,0.718,0.289,1,-13.492,1,0.942,0.651,0.0,0.0857,0.352,129.803,61KttboxcCRZs2hoaG0TsH,2190000,4
765,0.66,0.298,7,-21.461,0,0.946,0.741,0.0,0.316,0.528,87.347,0L7PQ2hmYJJeJd2eVF7z3r,1495120,4
766,0.604,0.0305,10,-27.634,0,0.389,0.667,0.0,0.115,0.399,127.473,4a0kbaTj3Ew2gHSLcXeg9L,770000,4
767,0.635,0.186,0,-22.614,1,0.882,0.886,0.0,0.084,0.294,84.972,3cqjGFNyLuZWKthzpAqWrV,614200,4
768,0.683,0.186,4,-19.617,0,0.936,0.284,4.93e-06,0.115,0.31,100.446,77dVvwU0iJobDnEFXRQjxN,313173,4
769,0.701,0.146,10,-17.035,0,0.947,0.652,0.0,0.401,0.335,135.436,57QTbL0qKJJCKGUj2PW3CT,248520,3
770,0.688,0.304,10,-9.96,1,0.531,0.824,0.0,0.142,0.414,77.056,1WJzRtI1ABzV3TPIeJZVvi,29240,3
771,0.728,0.157,5,-25.558,0,0.885,0.961,0.000879,0.108,0.47,89.774,7Iis5gPMQnI5FpQe5aOhVN,354947,4
772,0.623,0.0574,1,-27.244,1,0.508,0.822,0.0,0.199,0.461,135.419,7wxGEX2tVw2lKgYpO3xd9G,923773,4
773,0.723,0.202,9,-22.822,0,0.944,0.234,0.0,0.372,0.775,122.865,5ArEU1o32O78JBMP6O5BbW,169040,3
774,0.739,0.186,0,-19.081,1,0.935,0.301,1.19e-05,0.106,0.187,82.114,23sSN73Ki9t3dz7RMJcimp,173120,4
775,0.695,0.297,7,-22.275,0,0.942,0.676,0.0,0.272,0.515,103.227,0EloAlHELdcaQbfiof5HTd,1116893,4
776,0.696,0.311,11,-17.024,0,0.926,0.205,0.0,0.315,0.337,136.2,2fUV8syWLljKrUM8rUfOQW,357640,5
777,0.716,0.0492,0,-24.79,0,0.936,0.461,0.0,0.473,0.483,100.784,4OWX6pWFmh6gECK7cCDFfE,51947,5
778,0.708,0.217,0,-18.298,1,0.909,0.174,8.24e-06,0.118,0.289,128.483,4hpfvgZy0FjOK6M8AKURmV,441253,3
779,0.719,0.24,2,-22.326,1,0.95,0.712,0.0,0.445,0.538,123.928,6kkB378OI2M673VCsdRRd7,1049360,3
780,0.701,0.253,7,-25.373,1,0.829,0.922,1.87e-06,0.0919,0.361,114.291,6teB0qyns5TcN8OgfNF1sq,314520,3
781,0.734,0.101,9,-24.429,0,0.927,0.351,0.0,0.135,0.45,117.139,0FeShNH5UiZ98CgUTbn0EH,57200,4
782,0.6,0.445,8,-22.398,1,0.926,0.94,0.0,0.111,0.43,85.168,1RXfJjYeJQ8hFDWlz07TO6,320013,4
783,0.71,0.202,7,-19.006,1,0.894,0.19,0.0,0.119,0.269,109.519,0QxGqZgSg78gc5RGw0ABhc,355947,1
784,0.759,0.142,1,-17.281,0,0.89,0.309,0.0,0.105,0.587,64.974,3gdts7wKXktBLwpRt4k2cC,76427,3
785,0.614,0.141,7,-22.512,1,0.939,0.925,0.0,0.409,0.344,74.174,1vl4PM2ZMPjQOCRRZFo6aj,558933,3
786,0.705,0.204,4,-24.077,1,0.947,0.395,0.0,0.0515,0.525,86.278,3EKlzHlD6eo6MBpV4BXrCd,75747,3
787,0.697,0.13,10,-21.401,1,0.953,0.45,0.0,0.637,0.323,90.378,2qz3su6oixVzgtNKB2mckN,153853,3
788,0.785,0.328,9,-9.789,0,0.856,0.805,0.00116,0.12,0.133,118.792,6JTtOMqqZlnaYOqYNEYKFK,40853,5
789,0.557,0.105,7,-24.888,1,0.469,0.839,2.6e-06,0.156,0.539,112.377,490afAlqNYXTwEonFlhg7V,956547,3
790,0.748,0.12,10,-23.999,1,0.719,0.292,0.0,0.391,0.596,105.468,087mI97bB0zaFPLWBpyNK2,89093,3
791,0.719,0.309,0,-12.095,1,0.953,0.874,0.0,0.147,0.504,62.362,0N2V7sftvOiPJLcpEVivK4,88040,3
792,0.796,0.112,1,-25.704,0,0.823,0.546,0.0,0.225,0.66,82.984,1r0N6bhnqhIlaUTGXMjiS6,63840,4
793,0.752,0.338,3,-9.548,1,0.462,0.824,2.38e-05,0.0977,0.206,109.748,7rT11H4kU8yiq5FAFcd283,27960,5
794,0.624,0.0914,7,-24.65,0,0.926,0.494,0.0,0.0931,0.384,173.945,37GP96qj6DYnXn9RKXaYR8,68200,1
795,0.665,0.186,0,-22.954,1,0.754,0.954,7e-05,0.118,0.499,91.577,4ystYCz1BpYdmYOX4ESC4t,293840,4
796,0.647,0.312,0,-9.878,1,0.926,0.84,0.0,0.0762,0.61,89.023,0pEyhUnOtHtJJQIw8tYwFH,515800,3
797,0.679,0.165,8,-23.067,0,0.917,0.479,0.0,0.313,0.495,144.751,1RhenZp8NlfbpusRKxOrT8,110627,4
798,0.745,0.227,8,-9.928,0,0.888,0.894,9.36e-05,0.167,0.533,117.908,42vkqry6wQqIEsTOwZ1Tlw,28573,4
799,0.632,0.372,7,-8.76,1,0.935,0.85,0.0,0.11,0.611,84.486,65MopnhsXOgYw4RuiA2pGU,497493,4
800,0.529,0.102,8,-26.726,1,0.482,0.731,5.06e-06,0.177,0.553,131.498,7dALsbVmGkVMheCeBKY3OM,423107,3
801,0.723,0.161,7,-18.991,1,0.37,0.91,9.09e-05,0.145,0.723,111.303,6aVVXEn5Dd4z6gfBt6GEJo,531667,4
802,0.623,0.362,2,-13.659,1,0.96,0.66,0.0,0.167,0.47,76.534,2JcuTK0jUFqxtePRVIhwP8,599987,4
803,0.656,0.325,0,-5.246,1,0.0478,0.623,6.66e-05,0.0928,0.801,119.263,0ErhRzXhs97246qjbcmwCU,136933,4
804,0.549,0.53,0,-4.09,1,0.141,0.712,0.0,0.122,0.694,103.9,601M9QaiJ2Kmx0h0qaMwXx,214960,3
805,0.801,0.56,2,-3.591,1,0.0332,0.317,0.0,0.103,0.765,96.162,0V6CePG2X6kcru1bOJSO7S,176131,4
806,0.901,0.726,2,-4.397,1,0.0691,0.394,0.0,0.292,0.916,135.069,5Ua7nKxK8fbVl8qFmvbHPP,143859,4
807,0.733,0.798,2,-3.89,1,0.29,0.566,0.000193,0.0393,0.96,180.171,4s2e30fGKP8pzjU9Tm2Jlh,73612,4
808,0.739,0.637,2,-7.336,1,0.494,0.457,0.0,0.0764,0.897,173.929,6upOPrdsUpkTeQa4NDPIkv,178081,4
809,0.861,0.269,2,-8.882,1,0.0482,0.926,0.0,0.106,0.819,118.262,53H4l93nIcnpvn3sw748I7,36420,3
810,0.469,0.614,9,-3.84,1,0.041,0.121,3.11e-05,0.153,0.785,125.333,2Il374iYqkXUEFCyhgDtSS,194853,4
811,0.709,0.467,4,-3.952,1,0.281,0.443,0.0,0.0973,0.657,132.759,5g4VQEvmsQdZt6NHn0BuOl,135400,4
812,0.818,0.529,0,-5.474,1,0.0433,0.602,0.0,0.122,0.79,138.092,66amatHrD8i2JcuQsufI05,156453,4
813,0.887,0.743,2,-7.052,1,0.344,0.0025,0.0,0.0496,0.731,161.997,33CujnLeXefthnX8yHxm0x,70437,4
814,0.453,0.19,10,-10.887,1,0.033,0.916,0.0,0.149,0.479,83.723,5ITD6b9f9HB3VBeLaeBob9,131534,3
815,0.747,0.699,2,-4.774,1,0.195,0.331,0.0,0.0571,0.86,154.93,5GddeUNptX80eEcXlWoSPj,178813,4
816,0.673,0.555,4,-4.389,1,0.0769,0.43,0.0,0.137,0.939,112.518,3N5bXIZX1TDX57fiDqLxCs,147026,4
817,0.601,0.558,2,-4.251,1,0.0385,0.664,0.0,0.112,0.565,104.184,55Ol3je9Aaq3428AiV9Cgn,187147,4
818,0.699,0.859,4,-5.423,0,0.0518,9.85e-05,0.0864,0.0457,0.62,121.983,0sW69phZ1khiqpV5tZ4VgB,175467,4
819,0.702,0.672,3,-4.936,1,0.0929,0.448,1.67e-06,0.0891,0.754,174.969,0Y4KNaikHIbPgCGWg87ar2,172653,4
820,0.654,0.337,7,-8.474,1,0.032,0.693,5.65e-05,0.18,0.228,112.091,6r3qw5tXPFp26LKn5t7EXz,140864,4
821,0.874,0.235,0,-14.218,1,0.121,0.921,2.09e-05,0.0657,0.842,118.759,21GfD0H1HlLBcgOGEh9WSj,81360,4
822,0.745,0.331,0,-5.658,1,0.0285,0.788,0.0,0.0709,0.564,99.015,7e41RDcZRxh7pnezvyGoCr,150694,4
823,0.872,0.251,9,-10.19,1,0.0472,0.85,0.0,0.11,0.779,107.933,3GpN3YiOfLIUGGng4CSyFB,182571,4
824,0.756,0.602,0,-4.408,1,0.0457,0.269,0.0,0.285,0.816,91.975,0Wbe982Fo8EFbBSt4sQzjz,186040,4
825,0.849,0.628,4,-4.477,1,0.0667,0.547,0.0,0.0987,0.612,135.503,673Es1e5fb7rWISJkAwcpS,225773,4
826,0.742,0.523,0,-5.413,1,0.0314,0.338,0.0,0.156,0.911,85.996,3eaAD1uzbgrxPxX3PLoPda,202587,4
827,0.734,0.538,0,-6.091,1,0.0254,0.476,2.4e-05,0.0961,0.871,104.899,17YAf917V9NuvOwKO3PcH3,170027,4
828,0.701,0.154,6,-15.202,1,0.554,0.979,8.74e-06,0.236,0.314,95.609,5nAoIkH3UjV06Yr6kbhG3K,102000,4
829,0.774,0.627,4,-3.337,1,0.0432,0.404,0.0,0.135,0.886,98.595,6Ra0fe2YD99txWti0vUG6l,103760,4
830,0.725,0.151,0,-10.646,1,0.481,0.974,0.0,0.278,0.392,110.895,7dkKqAcv1KKYCggFDkneEe,100853,4
831,0.906,0.547,0,-7.336,1,0.126,0.696,0.0,0.0785,0.797,131.978,3irmQLWVlNRN8aAayjhx9M,199093,4
832,0.791,0.795,11,-6.332,1,0.112,0.0389,0.0,0.197,0.864,113.969,4B22xeqmJHN02F6pfb9Gxa,166623,4
833,0.735,0.73,2,-5.082,1,0.2,0.237,0.0019,0.118,0.867,174.933,3FOPgYU26x2AmdPPiimVHT,139827,4
834,0.688,0.376,7,-6.629,1,0.0384,0.879,0.0,0.0812,0.635,126.689,5AXRFDS3pTq1n9eD0NoVRD,113275,4
835,0.766,0.574,0,-7.802,0,0.0422,0.0762,0.000132,0.174,0.791,129.91,38ofUHc0IMknpKq1IYYmfc,165051,4
836,0.885,0.551,2,-7.588,1,0.152,0.87,0.0,0.0883,0.822,83.054,5pzNz5rxXjVkZNGfDeoM8W,61320,4
837,0.807,0.601,2,-6.722,1,0.0797,0.166,2.15e-06,0.238,0.764,100.0,7pkNOKkeGVgIbdMiSoa9zn,203206,4
838,0.404,0.458,2,-4.627,1,0.0311,0.474,3.61e-05,0.0729,0.701,115.035,245NjNL3H5aSwYFCPvoQzE,146347,4
839,0.899,0.275,5,-14.242,0,0.582,0.334,0.0,0.0986,0.304,99.969,4nmXomj05jS0OWz362B37F,107907,4
840,0.57,0.512,3,-6.049,1,0.152,0.693,0.0,0.0801,0.928,199.728,6t7WiJtEpzjxN7mYR0hq0w,176440,4
841,0.653,0.16,0,-15.213,1,0.0284,0.803,0.0,0.0723,0.528,102.12,3GgUT8ambwJIdqVHd19cKd,150400,4
842,0.745,0.564,0,-5.367,1,0.0866,0.49,0.0,0.118,0.552,108.071,0RCbReFCckae29Mn9sV00t,164480,4
843,0.579,0.582,9,-5.793,1,0.293,0.594,5.15e-05,0.234,0.482,75.69,6ADuFMHZaUrNCBmonfehb2,121187,4
844,0.657,0.206,2,-12.169,1,0.0333,0.828,2.26e-06,0.112,0.346,105.477,3hOaqAakHm94cl18dpUUXb,200373,4
845,0.913,0.417,2,-6.43,1,0.199,0.434,0.0,0.308,0.962,135.237,3SmcK3cCDbPDVcPfLraU00,72000,4
846,0.701,0.316,9,-7.854,1,0.0622,0.667,0.0,0.0737,0.573,154.963,5TJx7ysaHNghGyVZd0aB1q,139012,4
847,0.934,0.764,9,-5.111,1,0.38,0.244,0.0,0.228,0.679,99.95,3kbWh3zJ34tjBONH700ouF,131347,4
848,0.685,0.539,11,-5.076,1,0.0293,0.603,0.0,0.0729,0.743,94.952,4g4bgFyT6N2pwhS0kTcSGX,189960,4
849,0.623,0.475,9,-7.372,1,0.077,0.309,0.0,0.372,0.628,132.259,1IZPtxGE6F25hpdaAZGmpD,169179,4
850,0.589,0.306,2,-11.485,1,0.0945,0.866,0.0,0.0675,0.827,95.177,0g6w2p3xYfsiB3AiG1pl9R,116853,5
851,0.807,0.617,3,-6.244,1,0.0668,0.192,0.0,0.0536,0.811,88.01,3wXV61wVwfAj1H7DZhCYeN,196824,4
852,0.582,0.354,10,-6.137,1,0.031,0.634,0.0,0.104,0.305,173.738,3bqVwwpEzAITon7Cm8z4Go,185213,3
853,0.765,0.0906,0,-15.848,1,0.557,0.979,0.0,0.35,0.227,99.107,3oleq3RInlss3D6p3TzLZ8,103747,4
854,0.808,0.335,11,-8.067,1,0.0493,0.192,0.0,0.103,0.403,125.98,5R1BEBHo3UFr9m8NY8LzUx,174986,4
855,0.838,0.592,2,-5.507,1,0.0662,0.165,0.0,0.0838,0.702,135.918,6vaxOLlCcMwkQnpsHsH4ee,186428,4
856,0.658,0.352,11,-6.386,1,0.0897,0.743,0.0,0.0758,0.486,155.849,2tarjrh9LPXRcQM7iVLphQ,162467,4
857,0.788,0.427,0,-6.444,1,0.0507,0.764,0.0,0.162,0.417,126.932,4FWkFwBVY4VWoULngNIb9R,104173,4
858,0.79,0.399,0,-6.788,1,0.0537,0.567,0.0,0.0417,0.748,128.039,56QJGhZ0WySzeq5dzO2ou3,101829,4
859,0.492,0.284,9,-8.919,1,0.034,0.783,9.51e-05,0.346,0.601,131.678,1LTADdwPfj4ZaLQkRPDtE5,180800,4
860,0.877,0.434,0,-8.188,1,0.216,0.729,0.0,0.384,0.833,132.133,4KYZypYvk3CQjOXQlG1HHU,218955,4
861,0.837,0.347,6,-15.705,1,0.956,0.954,0.0,0.154,0.813,81.836,2t9cFkItjsxuKGqgu3qlBR,62507,4
862,0.838,0.581,10,-6.105,0,0.12,0.563,0.0,0.531,0.586,141.952,6ELiaBlDgNrA4xLmEQQ8sP,181987,4
863,0.619,0.37,2,-3.923,1,0.0915,0.764,0.0,0.0744,0.876,168.656,77gQppy2SLAQGqMB1LTXX9,79560,3
864,0.75,0.357,0,-4.491,1,0.0283,0.806,0.0,0.0736,0.562,99.094,4wrf1htA0KkFD5YsQIMZ9L,149920,4
865,0.803,0.173,7,-13.168,1,0.0853,0.872,0.0,0.0627,0.961,123.884,04FLlv9AlhXN2CWtKlkmWg,66813,4
866,0.501,0.352,7,-5.504,1,0.0298,0.908,0.0,0.33,0.5,126.063,4hPNrn2c61ECmRU0B2lJAT,184103,4
867,0.751,0.325,0,-9.522,1,0.0412,0.621,0.0,0.0963,0.779,107.203,2NLZekJdXXvDiATkEX0AQs,140016,4
868,0.837,0.195,4,-12.803,1,0.0513,0.589,0.0,0.165,0.455,132.039,3dErt6xlCFK7Xppj3kldOM,312173,4
869,0.769,0.699,4,-4.868,1,0.0313,0.412,0.0,0.291,0.961,98.892,67TpeIYqCiH8wWstHr5WcG,133862,4
870,0.559,0.516,1,-7.841,1,0.0274,0.382,1.23e-06,0.148,0.542,170.965,6srwUXCK43evzM9yrnBsU9,163040,3
871,0.708,0.544,1,-10.861,1,0.816,0.819,0.0,0.0603,0.729,140.555,3JwZZy7Jfv1Bv9bijSc0S1,59269,4
872,0.656,0.81,1,-6.715,1,0.54,0.67,0.0,0.619,0.677,124.658,59vAZa9k2bTK3nPNURtod3,17547,4
873,0.546,0.0947,0,-15.3,1,0.0322,0.923,0.0,0.274,0.411,78.583,1Bcvf1B43yNT9liL8ajutf,125107,1
874,0.0,0.448,8,-8.79,1,0.0,0.732,0.0,0.492,0.0,0.0,2UrpDzhhxg0fLu6gGYm3om,11500,0
875,0.638,0.285,8,-8.299,1,0.031,0.886,0.0,0.148,0.355,115.064,1vU4IbmZlwbpC4uwRoLMhy,186773,4
876,0.0,0.482,0,-9.458,1,0.0,0.838,0.0,0.178,0.0,0.0,73p1RV9NGND2MFFCdAUe3H,11500,0
877,0.858,0.0841,2,-19.507,1,0.0889,0.85,0.00563,0.105,0.455,97.841,4KZ9wj0K87t0Gdm7km9Yam,140987,4
878,0.0,0.599,9,-9.698,0,0.0,0.817,0.0,0.135,0.0,0.0,1LhJHvc3lUUgMcF1bIWiop,11500,0
879,0.583,0.471,2,-9.386,1,0.0299,0.577,0.0,0.0778,0.484,111.687,5cUbs8a3T4f9xdTeBqrQCy,228000,4
880,0.0,0.615,8,-8.912,1,0.0,0.453,0.0,0.352,0.0,0.0,0vgiM9yQzotUw9T59HNNcP,11500,0
881,0.378,0.629,4,-8.275,1,0.0354,0.232,0.0,0.136,0.292,79.411,1Dc14MP8y19FcLDV7ufzql,166613,4
882,0.0,0.448,5,-11.276,1,0.0,0.864,0.000155,0.104,0.0,0.0,7sD1nA6W0i7Z4xSoc8jk1t,11000,0
883,0.355,0.256,11,-11.371,1,0.0307,0.921,3.7e-05,0.102,0.262,184.185,7qp1NeM7I2XIvVJuw6Xh55,215627,3
884,0.0,0.557,5,-8.588,1,0.0,0.854,1.08e-06,0.522,0.0,0.0,18zcCSaPMHF0HrfLrFqCq7,8708,0
885,0.499,0.333,7,-11.481,1,0.0365,0.584,3.91e-05,0.0966,0.397,135.357,77vgQcXbwX5C4oapmx6phI,220320,4
886,0.325,0.229,4,-8.911,1,0.0392,0.913,1.96e-06,0.104,0.301,72.772,6jAbFveWUomNliZdNyzenx,278067,4
887,0.472,0.053,4,-13.379,1,0.0517,0.927,0.0,0.0766,0.271,75.328,3g9iQpTgLeh6dOUVBVBzqd,181587,4
888,0.424,0.285,4,-10.849,1,0.0381,0.943,7.21e-05,0.0793,0.61,127.969,2JTG11HiYHJc4hu5LTDry5,207920,4
889,0.822,0.15,8,-13.743,1,0.0515,0.477,0.0,0.0986,0.879,102.381,0VLuHeITYTXxPJ72moNoxU,131413,4
890,0.727,0.544,7,-8.629,1,0.0466,0.587,1.11e-06,0.0521,0.824,91.526,50buJJWHRXY3PwneHtOguH,198987,4
891,0.732,0.0709,2,-15.375,1,0.0447,0.87,0.0,0.139,0.751,118.415,1ZXanvVJRpWGE9R1hB646z,66507,4
892,0.737,0.0364,0,-22.565,1,0.0358,0.961,0.0641,0.157,0.559,97.804,7oOA7bWeQZsrjisad6Pvj9,71480,4
893,0.768,0.175,2,-13.18,1,0.0401,0.872,2.69e-06,0.0903,0.763,82.002,3zjgjxmf1nkX3vOAXzK7oG,122827,4
894,0.823,0.298,2,-17.023,1,0.417,0.682,1e-06,0.269,0.686,124.919,0ETaxoSdL6Cj5Ms32BX4jj,181120,4
895,0.818,0.314,4,-12.528,1,0.0863,0.612,0.0,0.385,0.778,86.529,2iXLEqQO0ES8vVCr0nAPf2,102493,4
896,0.502,0.268,6,-9.71,0,0.0253,0.77,1.03e-05,0.197,0.307,104.476,60E30n142tJ1SHJENVPvrA,211160,4
897,0.866,0.108,7,-17.167,1,0.127,0.811,0.0,0.109,0.333,122.383,6WC7EIvn542yc1yqnUECgy,61493,3
898,0.606,0.0943,5,-14.962,1,0.0362,0.954,1.16e-06,0.101,0.439,108.123,09Xcd3oZ78SpiBHtjevMiL,183083,4
899,0.772,0.433,4,-7.856,1,0.0317,0.695,0.0,0.135,0.939,96.62,1gV5ffrT9iI2rGKVdAuW90,129653,4
900,0.6,0.366,2,-8.778,1,0.121,0.8,0.0,0.343,0.637,179.702,07oxahRLcoeCHuXgJD8mgB,122920,4
901,0.382,0.0557,5,-22.017,1,0.0281,0.907,0.962,0.126,0.176,91.714,6dyM2abiskJFFveGOkmBDw,69987,3
902,0.531,0.0411,4,-19.976,0,0.0397,0.911,0.0,0.128,0.178,81.721,5iKgIKzy7iBEBqwJQP8mwP,85507,4
903,0.838,0.131,5,-14.609,1,0.0695,0.758,9.81e-06,0.0908,0.921,139.963,249RDVo4YJOdqlKx2jHSe4,100213,4
904,0.705,0.0514,4,-14.333,1,0.0849,0.953,6.79e-05,0.138,0.538,78.266,0G9VP9CP8xGhjNOBw4F23l,89947,4
905,0.492,0.283,11,-12.839,1,0.0431,0.776,1.39e-06,0.222,0.74,145.666,6d4GrOdKvKm4L2fvpmRWgW,127267,3
906,0.728,0.38,11,-13.89,0,0.035,0.598,1.92e-06,0.142,0.964,75.779,0Vm3JMzy0iBe9Bo92Di7bs,181680,4
907,0.685,0.56,11,-6.778,1,0.0283,0.554,0.0,0.0989,0.89,108.246,64QzCvIEenjBQwu1JdGCth,177853,4
908,0.685,0.266,3,-13.113,1,0.0746,0.863,2.07e-06,0.438,0.557,68.7,6tQoIRuv9sOM0hJuj3qUkF,162920,4
909,0.673,0.0639,2,-16.06,1,0.0613,0.599,0.0,0.17,0.616,90.44,5Vz4keQNvrUEOIYqV6x7nE,129787,4
910,0.419,0.254,4,-11.093,1,0.0388,0.822,0.000109,0.153,0.329,79.45,0IHqeSnrSTHbxzSxob4QCG,180453,4
911,0.699,0.435,7,-8.981,1,0.0624,0.466,0.0,0.184,0.596,80.35,0JMUVMEd32CWNGCo8FIGRH,199320,4
912,0.873,0.254,2,-14.175,1,0.0774,0.336,1.86e-05,0.0979,0.999,106.007,2TveUpq3W6vA1xRLpp2kpS,54453,4
913,0.821,0.155,0,-16.855,1,0.0992,0.821,4.48e-05,0.0586,0.95,77.188,1orReuZEAtX1BYm9OigsAj,97693,4
914,0.787,0.12,7,-10.296,1,0.0587,0.968,0.0,0.103,0.717,140.074,5znfVm25xUie803mZwJljP,101973,4
915,0.789,0.451,2,-14.89,1,0.0942,0.833,0.0,0.354,0.618,92.621,4gu2T1jjJKjS8Mz3cFZN98,66227,4
916,0.822,0.224,5,-24.805,1,0.947,0.525,0.000196,0.15,0.515,82.051,7a2my3gqm4pGJBpAHv3oeD,75773,4
917,0.648,0.185,2,-14.895,1,0.0634,0.895,0.0,0.0722,0.879,160.373,63n8zk4mEqyrTywaYVAkgz,112627,4
918,0.742,0.107,5,-13.51,1,0.0504,0.81,0.0,0.233,0.81,145.6,6Hnnq3UysiCwnpjAvYreaI,112133,4
919,0.697,0.103,5,-16.702,1,0.405,0.869,0.0,0.251,0.654,130.317,7Ck3QNR067q4Hhae6vPLaN,71760,3
920,0.71,0.31,11,-13.913,1,0.131,0.77,0.0,0.176,0.648,95.256,6ozpXQhMl3CJSWM9Sc3zub,146520,4
921,0.596,0.476,7,-10.153,1,0.0344,0.417,0.0,0.257,0.804,185.325,28smxYbciKWO6pXc1DSnzp,121067,4
922,0.903,0.151,6,-14.486,1,0.0676,0.733,0.0,0.0805,0.795,128.492,1KdLP5FUQElS3s2OncQWnV,71960,4
923,0.741,0.254,4,-13.609,1,0.099,0.744,0.0,0.125,0.756,95.129,6Y5VT2aFL8IOZFZJ9KT3kM,145493,4
924,0.662,0.412,1,-12.377,1,0.039,0.369,5.91e-06,0.63,0.943,184.428,7hpGTe94HspEqEED02zemM,175960,4
925,0.359,0.144,5,-15.19,1,0.0323,0.766,1.64e-05,0.137,0.436,55.302,50GSnj1aiDvLLYIiPijFJW,180253,3
926,0.703,0.0945,1,-18.392,0,0.0346,0.929,0.00222,0.101,0.377,110.858,5Xhq7E4NVsp04W3m5FgcBB,148867,4
927,0.618,0.0909,5,-17.788,1,0.178,0.796,0.0,0.0949,0.934,175.706,6TRdg2K2wsSaywx1f5FZA3,67733,4
928,0.329,0.108,9,-14.388,1,0.0308,0.829,0.0,0.112,0.393,102.299,3gQYRwgW7aQXcPOFboTSfN,142987,3
929,0.411,0.162,1,-13.355,1,0.0329,0.772,0.0,0.104,0.621,178.528,4NqpWUgudCzOLWVG7QUeSA,131653,4
930,0.708,0.129,0,-15.546,1,0.0388,0.698,0.0,0.206,0.537,99.298,17QCJmKHEGsbpBicvLhVVB,87067,4
931,0.676,0.0412,1,-16.066,1,0.0759,0.793,0.0,0.175,0.57,102.426,1KBazF8nruvn3KGke8Sbpb,139987,3
932,0.667,0.177,7,-12.285,1,0.0421,0.928,0.000514,0.259,0.668,125.888,33znEBJB16cjL7fci8cqdI,186493,4
933,0.698,0.533,0,-8.011,1,0.325,0.461,0.0,0.104,0.712,172.155,09OWti6cNjqSXk4r60jSRe,135227,4
934,0.689,0.487,11,-7.525,0,0.156,0.624,0.0,0.0459,0.82,184.717,1RS2OXKx09PpabXw3kl3iA,166693,4
935,0.716,0.137,4,-13.167,1,0.117,0.977,0.000642,0.111,0.76,174.052,0yXDWzeK9TEU6Zz53PACex,81747,4
936,0.635,0.485,4,-9.295,1,0.0304,0.449,0.0,0.0819,0.948,80.825,03rfCqTD4BnWPGyVqzwQDx,144120,4
937,0.734,0.468,4,-8.647,1,0.0837,0.649,0.0,0.306,0.761,89.341,0b2fS5eCN4TxvYsE8ct1Zr,58413,4
938,0.624,0.0996,2,-12.602,1,0.102,0.888,0.0,0.199,0.771,128.1,5VqcJOX0lrvgd3kzNvQMJE,77373,4
939,0.856,0.432,2,-9.513,1,0.0414,0.525,0.0,0.121,0.905,110.02,0HE90iT148w68tOxtY34Tf,213837,4
